Species	LocusId	SeqID	LocusPos	Length	EffectiveLength	GCContent	GCSkew	NContent	LocusClass	GeneCount	SeqUnannot	FlankGeneOrient
Scer	locus:NC_001133.9_1-1306.	NC_001133.9	locus:NC_001133.9_1-1306.	1306	1306	0.410	-0.507	0.000	fiLocus	0	False	NA
Scer	locus:NC_001133.9_1307-3207.	NC_001133.9	locus:NC_001133.9_1307-3207.	1901	1901	0.389	0.045	0.000	miLocus	2	False	NA
Scer	locus:NC_001133.9_3208-6734.	NC_001133.9	locus:NC_001133.9_3208-6734.	3527	3527	0.333	-0.013	0.000	iiLocus	0	False	FR
Scer	locus:NC_001133.9_6735-9516.	NC_001133.9	locus:NC_001133.9_6735-9516.	2782	2782	0.344	-0.063	0.000	siLocus	1	False	NA
Scer	locus:NC_001133.9_9517-11064.	NC_001133.9	locus:NC_001133.9_9517-11064.	1548	1548	0.324	-0.016	0.000	iiLocus	0	False	RR
Scer	locus:NC_001133.9_11065-14243.	NC_001133.9	locus:NC_001133.9_11065-14243.	3179	3179	0.403	0.198	0.000	miLocus	3	False	NA
Scer	locus:NC_001133.9_14244-21065.	NC_001133.9	locus:NC_001133.9_14244-21065.	6822	6822	0.357	0.022	0.000	iiLocus	0	False	RF
Scer	locus:NC_001133.9_21066-28468.	NC_001133.9	locus:NC_001133.9_21066-28468.	7403	7403	0.393	0.181	0.000	miLocus	3	False	NA
Scer	locus:NC_001133.9_28469-31066.	NC_001133.9	locus:NC_001133.9_28469-31066.	2598	2598	0.349	0.046	0.000	iiLocus	0	False	RF
Scer	locus:NC_001133.9_31067-70025.	NC_001133.9	locus:NC_001133.9_31067-70025.	38959	38959	0.411	0.061	0.000	miLocus	21	False	NA
Scer	locus:NC_001133.9_70026-71285.	NC_001133.9	locus:NC_001133.9_70026-71285.	1260	1260	0.382	0.056	0.000	iiLocus	0	False	RF
Scer	locus:NC_001133.9_71286-175635.	NC_001133.9	locus:NC_001133.9_71286-175635.	104350	104350	0.392	0.011	0.000	miLocus	53	False	NA
Scer	locus:NC_001133.9_175636-176355.	NC_001133.9	locus:NC_001133.9_175636-176355.	720	720	0.307	-0.077	0.000	iiLocus	0	False	RR
Scer	locus:NC_001133.9_176356-177523.	NC_001133.9	locus:NC_001133.9_176356-177523.	1168	1168	0.394	0.026	0.000	siLocus	1	False	NA
Scer	locus:NC_001133.9_177524-178780.	NC_001133.9	locus:NC_001133.9_177524-178780.	1257	1257	0.397	0.042	0.000	iiLocus	0	False	RR
Scer	locus:NC_001133.9_178781-196685.	NC_001133.9	locus:NC_001133.9_178781-196685.	17905	17905	0.414	-0.040	0.000	miLocus	11	False	NA
Scer	locus:NC_001133.9_196686-202902.	NC_001133.9	locus:NC_001133.9_196686-202902.	6217	6217	0.355	-0.044	0.000	iiLocus	0	False	FF
Scer	locus:NC_001133.9_202903-208516.	NC_001133.9	locus:NC_001133.9_202903-208516.	5614	5614	0.430	-0.220	0.000	siLocus	1	False	NA
Scer	locus:NC_001133.9_208517-219697.	NC_001133.9	locus:NC_001133.9_208517-219697.	11181	11181	0.361	-0.043	0.000	iiLocus	0	False	FF
Scer	locus:NC_001133.9_219698-223391.	NC_001133.9	locus:NC_001133.9_219698-223391.	3694	3694	0.438	-0.098	0.000	miLocus	3	False	NA
Scer	locus:NC_001133.9_223392-224959.	NC_001133.9	locus:NC_001133.9_223392-224959.	1568	1568	0.374	0.026	0.000	iiLocus	0	False	FF
Scer	locus:NC_001133.9_224960-227363.	NC_001133.9	locus:NC_001133.9_224960-227363.	2404	2404	0.391	0.022	0.000	siLocus	1	False	NA
Scer	locus:NC_001133.9_227364-230218.	NC_001133.9	locus:NC_001133.9_227364-230218.	2855	2855	0.408	0.252	0.000	fiLocus	0	False	NA
Scer	locus:NC_001134.8_1-3399.	NC_001134.8	locus:NC_001134.8_1-3399.	3399	2903	0.457	-0.053	0.000	ciLocus	2	False	NA
Scer	locus:NC_001134.8_2407-5509.	NC_001134.8	locus:NC_001134.8_2407-5509.	3103	2606	0.436	-0.108	0.000	siLocus	1	False	NA
Scer	locus:NC_001134.8_5510-7104.	NC_001134.8	locus:NC_001134.8_5510-7104.	1595	1595	0.396	-0.468	0.000	iiLocus	0	False	RR
Scer	locus:NC_001134.8_7105-8233.	NC_001134.8	locus:NC_001134.8_7105-8233.	1129	1129	0.395	-0.013	0.000	siLocus	1	False	NA
Scer	locus:NC_001134.8_8234-9082.	NC_001134.8	locus:NC_001134.8_8234-9082.	849	849	0.364	0.087	0.000	iiLocus	0	False	RF
Scer	locus:NC_001134.8_9083-29240.	NC_001134.8	locus:NC_001134.8_9083-29240.	20158	20158	0.385	-0.011	0.000	miLocus	9	False	NA
Scer	locus:NC_001134.8_29435-35823.	NC_001134.8	locus:NC_001134.8_29435-35823.	6389	6583	0.359	-0.131	0.000	ciLocus	2	False	NA
Scer	locus:NC_001134.8_35824-90056.	NC_001134.8	locus:NC_001134.8_35824-90056.	54233	53944	0.383	-0.024	0.000	miLocus	27	False	NA
Scer	locus:NC_001134.8_89478-91031.	NC_001134.8	locus:NC_001134.8_89478-91031.	1554	869	0.394	0.054	0.000	ciLocus	2	False	NA
Scer	locus:NC_001134.8_90241-196202.	NC_001134.8	locus:NC_001134.8_90241-196202.	105962	105566	0.385	0.003	0.000	miLocus	55	False	NA
Scer	locus:NC_001134.8_196203-196993.	NC_001134.8	locus:NC_001134.8_196203-196993.	791	791	0.373	0.017	0.000	iiLocus	0	False	FF
Scer	locus:NC_001134.8_196994-220900.	NC_001134.8	locus:NC_001134.8_196994-220900.	23907	23872	0.396	-0.014	0.000	miLocus	12	False	NA
Scer	locus:NC_001134.8_220830-227098.	NC_001134.8	locus:NC_001134.8_220830-227098.	6269	5971	0.372	-0.128	0.000	ciLocus	2	False	NA
Scer	locus:NC_001134.8_226575-251516.	NC_001134.8	locus:NC_001134.8_226575-251516.	24942	24680	0.368	0.007	0.000	miLocus	12	False	NA
Scer	locus:NC_001134.8_251517-252062.	NC_001134.8	locus:NC_001134.8_251517-252062.	546	546	0.352	-0.031	0.000	iiLocus	0	False	RR
Scer	locus:NC_001134.8_252063-258475.	NC_001134.8	locus:NC_001134.8_252063-258475.	6413	6413	0.380	-0.038	0.000	miLocus	4	False	NA
Scer	locus:NC_001134.8_258476-259368.	NC_001134.8	locus:NC_001134.8_258476-259368.	893	893	0.334	-0.154	0.000	iiLocus	0	False	RF
Scer	locus:NC_001134.8_259369-265640.	NC_001134.8	locus:NC_001134.8_259369-265640.	6272	5948	0.370	-0.137	0.000	ciLocus	2	False	NA
Scer	locus:NC_001134.8_264992-288425.	NC_001134.8	locus:NC_001134.8_264992-288425.	23434	23109	0.383	-0.050	0.000	miLocus	12	False	NA
Scer	locus:NC_001134.8_288426-288944.	NC_001134.8	locus:NC_001134.8_288426-288944.	519	519	0.382	0.040	0.000	iiLocus	0	False	RF
Scer	locus:NC_001134.8_288945-341251.	NC_001134.8	locus:NC_001134.8_288945-341251.	52307	52307	0.380	-0.017	0.000	miLocus	32	False	NA
Scer	locus:NC_001134.8_341252-342600.	NC_001134.8	locus:NC_001134.8_341252-342600.	1349	1349	0.387	-0.061	0.000	iiLocus	0	False	RF
Scer	locus:NC_001134.8_342601-363014.	NC_001134.8	locus:NC_001134.8_342601-363014.	20414	20414	0.370	0.001	0.000	miLocus	11	False	NA
Scer	locus:NC_001134.8_363015-364286.	NC_001134.8	locus:NC_001134.8_363015-364286.	1272	1272	0.368	-0.004	0.000	iiLocus	0	False	RR
Scer	locus:NC_001134.8_364287-407669.	NC_001134.8	locus:NC_001134.8_364287-407669.	43383	43383	0.381	-0.016	0.000	miLocus	23	False	NA
Scer	locus:NC_001134.8_407670-408668.	NC_001134.8	locus:NC_001134.8_407670-408668.	999	999	0.369	0.024	0.000	iiLocus	0	False	RF
Scer	locus:NC_001134.8_408669-417406.	NC_001134.8	locus:NC_001134.8_408669-417406.	8738	8738	0.402	0.001	0.000	miLocus	4	False	NA
Scer	locus:NC_001134.8_417407-418406.	NC_001134.8	locus:NC_001134.8_417407-418406.	1000	1000	0.339	0.056	0.000	iiLocus	0	False	FR
Scer	locus:NC_001134.8_418407-426266.	NC_001134.8	locus:NC_001134.8_418407-426266.	7860	7572	0.368	0.044	0.000	miLocus	4	False	NA
Scer	locus:NC_001134.8_425690-427558.	NC_001134.8	locus:NC_001134.8_425690-427558.	1869	1128	0.403	-0.050	0.000	ciLocus	2	False	NA
Scer	locus:NC_001134.8_426655-554810.	NC_001134.8	locus:NC_001134.8_426655-554810.	128156	127704	0.382	0.003	0.000	miLocus	63	False	NA
Scer	locus:NC_001134.8_554811-556048.	NC_001134.8	locus:NC_001134.8_554811-556048.	1238	1238	0.422	0.073	0.000	iiLocus	0	False	RF
Scer	locus:NC_001134.8_556049-643578.	NC_001134.8	locus:NC_001134.8_556049-643578.	87530	87530	0.382	0.007	0.000	miLocus	55	False	NA
Scer	locus:NC_001134.8_643579-644666.	NC_001134.8	locus:NC_001134.8_643579-644666.	1088	1088	0.336	-0.175	0.000	iiLocus	0	False	RF
Scer	locus:NC_001134.8_644667-662749.	NC_001134.8	locus:NC_001134.8_644667-662749.	18083	17708	0.393	-0.069	0.000	miLocus	10	False	NA
Scer	locus:NC_001134.8_661999-665177.	NC_001134.8	locus:NC_001134.8_661999-665177.	3179	2541	0.402	-0.032	0.000	ciLocus	2	False	NA
Scer	locus:NC_001134.8_664653-785573.	NC_001134.8	locus:NC_001134.8_664653-785573.	120921	120658	0.387	-0.010	0.000	miLocus	72	False	NA
Scer	locus:NC_001134.8_785574-786505.	NC_001134.8	locus:NC_001134.8_785574-786505.	932	932	0.369	0.122	0.000	iiLocus	0	False	RF
Scer	locus:NC_001134.8_786506-799022.	NC_001134.8	locus:NC_001134.8_786506-799022.	12517	12517	0.383	0.038	0.000	miLocus	4	False	NA
Scer	locus:NC_001134.8_799023-799622.	NC_001134.8	locus:NC_001134.8_799023-799622.	600	600	0.362	0.097	0.000	iiLocus	0	False	RR
Scer	locus:NC_001134.8_799623-807605.	NC_001134.8	locus:NC_001134.8_799623-807605.	7983	7983	0.380	0.012	0.000	miLocus	5	False	NA
Scer	locus:NC_001134.8_807606-808556.	NC_001134.8	locus:NC_001134.8_807606-808556.	951	951	0.388	-0.068	0.000	iiLocus	0	False	FF
Scer	locus:NC_001134.8_808557-811979.	NC_001134.8	locus:NC_001134.8_808557-811979.	3423	3423	0.389	0.000	0.000	miLocus	2	False	NA
Scer	locus:NC_001134.8_811980-813184.	NC_001134.8	locus:NC_001134.8_811980-813184.	1205	1205	0.409	0.533	0.000	fiLocus	0	False	NA
Scer	locus:NC_001135.5_1-5978.	NC_001135.5	locus:NC_001135.5_1-5978.	5978	5978	0.404	-0.224	0.000	fiLocus	0	False	NA
Scer	locus:NC_001135.5_5979-14309.	NC_001135.5	locus:NC_001135.5_5979-14309.	8331	8331	0.375	-0.001	0.000	miLocus	5	False	NA
Scer	locus:NC_001135.5_14310-15297.	NC_001135.5	locus:NC_001135.5_14310-15297.	988	988	0.305	0.043	0.000	iiLocus	0	False	FR
Scer	locus:NC_001135.5_15298-23879.	NC_001135.5	locus:NC_001135.5_15298-23879.	8582	8154	0.378	-0.049	0.000	miLocus	4	False	NA
Scer	locus:NC_001135.5_23023-24481.	NC_001135.5	locus:NC_001135.5_23023-24481.	1459	555	0.406	0.064	0.000	ciLocus	2	False	NA
Scer	locus:NC_001135.5_23532-29436.	NC_001135.5	locus:NC_001135.5_23532-29436.	5905	5430	0.378	0.027	0.000	miLocus	4	False	NA
Scer	locus:NC_001135.5_29437-30409.	NC_001135.5	locus:NC_001135.5_29437-30409.	973	973	0.296	0.049	0.000	iiLocus	0	False	FF
Scer	locus:NC_001135.5_30410-50721.	NC_001135.5	locus:NC_001135.5_30410-50721.	20312	19993	0.387	0.052	0.000	miLocus	12	False	NA
Scer	locus:NC_001135.5_50084-52840.	NC_001135.5	locus:NC_001135.5_50084-52840.	2757	2090	0.460	0.007	0.000	ciLocus	2	False	NA
Scer	locus:NC_001135.5_52145-84549.	NC_001135.5	locus:NC_001135.5_52145-84549.	32405	32057	0.408	-0.001	0.000	miLocus	19	False	NA
Scer	locus:NC_001135.5_84550-90915.	NC_001135.5	locus:NC_001135.5_84550-90915.	6366	6088	0.359	-0.137	0.000	ciLocus	2	False	NA
Scer	locus:NC_001135.5_90359-114524.	NC_001135.5	locus:NC_001135.5_90359-114524.	24166	23887	0.391	-0.012	0.000	miLocus	18	False	NA
Scer	locus:NC_001135.5_114525-115184.	NC_001135.5	locus:NC_001135.5_114525-115184.	660	660	0.323	0.014	0.000	iiLocus	0	False	FF
Scer	locus:NC_001135.5_115185-124148.	NC_001135.5	locus:NC_001135.5_115185-124148.	8964	8964	0.374	-0.029	0.000	miLocus	7	False	NA
Scer	locus:NC_001135.5_124149-125510.	NC_001135.5	locus:NC_001135.5_124149-125510.	1362	1362	0.336	0.077	0.000	iiLocus	0	False	RR
Scer	locus:NC_001135.5_125511-168872.	NC_001135.5	locus:NC_001135.5_125511-168872.	43362	43362	0.367	-0.030	0.000	miLocus	30	False	NA
Scer	locus:NC_001135.5_168873-170385.	NC_001135.5	locus:NC_001135.5_168873-170385.	1513	1513	0.336	-0.020	0.000	iiLocus	0	False	RR
Scer	locus:NC_001135.5_170386-197685.	NC_001135.5	locus:NC_001135.5_170386-197685.	27300	27018	0.372	0.007	0.000	miLocus	12	False	NA
Scer	locus:NC_001135.5_197121-200678.	NC_001135.5	locus:NC_001135.5_197121-200678.	3558	2907	0.368	0.076	0.000	ciLocus	2	False	NA
Scer	locus:NC_001135.5_199942-205897.	NC_001135.5	locus:NC_001135.5_199942-205897.	5956	5519	0.356	-0.157	0.000	ciLocus	3	False	NA
Scer	locus:NC_001135.5_205761-212045.	NC_001135.5	locus:NC_001135.5_205761-212045.	6285	5908	0.428	-0.071	0.000	miLocus	5	False	NA
Scer	locus:NC_001135.5_211429-214272.	NC_001135.5	locus:NC_001135.5_211429-214272.	2844	2184	0.477	0.015	0.000	ciLocus	2	False	NA
Scer	locus:NC_001135.5_213571-273363.	NC_001135.5	locus:NC_001135.5_213571-273363.	59793	59442	0.408	-0.044	0.000	miLocus	34	False	NA
Scer	locus:NC_001135.5_273364-273903.	NC_001135.5	locus:NC_001135.5_273364-273903.	540	540	0.307	-0.060	0.000	iiLocus	0	False	RF
Scer	locus:NC_001135.5_273904-290297.	NC_001135.5	locus:NC_001135.5_273904-290297.	16394	16394	0.365	-0.046	0.000	miLocus	6	False	NA
Scer	locus:NC_001135.5_290298-292678.	NC_001135.5	locus:NC_001135.5_290298-292678.	2381	2381	0.302	-0.050	0.000	iiLocus	0	False	FR
Scer	locus:NC_001135.5_292679-299105.	NC_001135.5	locus:NC_001135.5_292679-299105.	6427	6427	0.340	-0.081	0.000	miLocus	4	False	NA
Scer	locus:NC_001135.5_299106-300331.	NC_001135.5	locus:NC_001135.5_299106-300331.	1226	1226	0.375	0.004	0.000	iiLocus	0	False	RR
Scer	locus:NC_001135.5_300332-302721.	NC_001135.5	locus:NC_001135.5_300332-302721.	2390	2020	0.368	-0.066	0.000	ciLocus	2	False	NA
Scer	locus:NC_001135.5_301982-305967.	NC_001135.5	locus:NC_001135.5_301982-305967.	3986	3616	0.393	-0.007	0.000	miLocus	2	False	NA
Scer	locus:NC_001135.5_305968-307300.	NC_001135.5	locus:NC_001135.5_305968-307300.	1333	1333	0.363	-0.041	0.000	iiLocus	0	False	RF
Scer	locus:NC_001135.5_307301-316620.	NC_001135.5	locus:NC_001135.5_307301-316620.	9320	9320	0.386	0.141	0.000	miLocus	5	False	NA
Scer	locus:NC_001136.10_1-1301.	NC_001136.10	locus:NC_001136.10_1-1301.	1301	1301	0.428	-0.609	0.000	fiLocus	0	False	NA
Scer	locus:NC_001136.10_1302-3453.	NC_001136.10	locus:NC_001136.10_1302-3453.	2152	2152	0.377	-0.007	0.000	siLocus	1	False	NA
Scer	locus:NC_001136.10_3454-5484.	NC_001136.10	locus:NC_001136.10_3454-5484.	2031	2031	0.354	-0.021	0.000	iiLocus	0	False	FF
Scer	locus:NC_001136.10_5485-10256.	NC_001136.10	locus:NC_001136.10_5485-10256.	4772	4772	0.394	0.020	0.000	miLocus	2	False	NA
Scer	locus:NC_001136.10_10257-11156.	NC_001136.10	locus:NC_001136.10_10257-11156.	900	900	0.378	-0.018	0.000	iiLocus	0	False	RR
Scer	locus:NC_001136.10_11157-13860.	NC_001136.10	locus:NC_001136.10_11157-13860.	2704	2704	0.395	-0.104	0.000	siLocus	1	False	NA
Scer	locus:NC_001136.10_13861-15703.	NC_001136.10	locus:NC_001136.10_13861-15703.	1843	1843	0.333	0.101	0.000	iiLocus	0	False	RF
Scer	locus:NC_001136.10_15704-21506.	NC_001136.10	locus:NC_001136.10_15704-21506.	5803	5803	0.387	-0.040	0.000	miLocus	4	False	NA
Scer	locus:NC_001136.10_21507-22322.	NC_001136.10	locus:NC_001136.10_21507-22322.	816	816	0.364	-0.024	0.000	iiLocus	0	False	FF
Scer	locus:NC_001136.10_22323-48531.	NC_001136.10	locus:NC_001136.10_22323-48531.	26209	26209	0.382	-0.011	0.000	miLocus	13	False	NA
Scer	locus:NC_001136.10_48532-50614.	NC_001136.10	locus:NC_001136.10_48532-50614.	2083	2083	0.362	-0.064	0.000	iiLocus	0	False	RR
Scer	locus:NC_001136.10_50615-80912.	NC_001136.10	locus:NC_001136.10_50615-80912.	30298	30298	0.391	0.022	0.000	miLocus	15	False	NA
Scer	locus:NC_001136.10_80913-83047.	NC_001136.10	locus:NC_001136.10_80913-83047.	2135	2135	0.367	0.074	0.000	iiLocus	0	False	RF
Scer	locus:NC_001136.10_83048-132333.	NC_001136.10	locus:NC_001136.10_83048-132333.	49286	49286	0.387	0.008	0.000	miLocus	27	False	NA
Scer	locus:NC_001136.10_132334-132936.	NC_001136.10	locus:NC_001136.10_132334-132936.	603	603	0.391	-0.076	0.000	iiLocus	0	False	RF
Scer	locus:NC_001136.10_132937-357259.	NC_001136.10	locus:NC_001136.10_132937-357259.	224323	224323	0.381	0.001	0.000	miLocus	122	False	NA
Scer	locus:NC_001136.10_357260-359076.	NC_001136.10	locus:NC_001136.10_357260-359076.	1817	1817	0.415	0.127	0.000	iiLocus	0	False	RF
Scer	locus:NC_001136.10_359077-368711.	NC_001136.10	locus:NC_001136.10_359077-368711.	9635	9635	0.394	0.076	0.000	miLocus	7	False	NA
Scer	locus:NC_001136.10_368712-369270.	NC_001136.10	locus:NC_001136.10_368712-369270.	559	559	0.472	0.000	0.000	iiLocus	0	False	RF
Scer	locus:NC_001136.10_369271-386087.	NC_001136.10	locus:NC_001136.10_369271-386087.	16817	16817	0.390	0.047	0.000	miLocus	10	False	NA
Scer	locus:NC_001136.10_386088-387012.	NC_001136.10	locus:NC_001136.10_386088-387012.	925	925	0.369	0.015	0.000	iiLocus	0	False	RR
Scer	locus:NC_001136.10_387013-407828.	NC_001136.10	locus:NC_001136.10_387013-407828.	20816	20816	0.378	0.039	0.000	miLocus	9	False	NA
Scer	locus:NC_001136.10_407829-410556.	NC_001136.10	locus:NC_001136.10_407829-410556.	2728	2389	0.389	-0.020	0.000	ciLocus	2	False	NA
Scer	locus:NC_001136.10_409879-432017.	NC_001136.10	locus:NC_001136.10_409879-432017.	22139	21706	0.390	0.024	0.000	miLocus	11	False	NA
Scer	locus:NC_001136.10_431830-433748.	NC_001136.10	locus:NC_001136.10_431830-433748.	1919	1449	0.386	0.089	0.000	ciLocus	2	False	NA
Scer	locus:NC_001136.10_432997-434836.	NC_001136.10	locus:NC_001136.10_432997-434836.	1840	1464	0.358	0.070	0.000	miLocus	2	False	NA
Scer	locus:NC_001136.10_434837-436066.	NC_001136.10	locus:NC_001136.10_434837-436066.	1230	1230	0.329	-0.057	0.000	iiLocus	0	False	RR
Scer	locus:NC_001136.10_436067-476489.	NC_001136.10	locus:NC_001136.10_436067-476489.	40423	40423	0.374	0.042	0.000	miLocus	23	False	NA
Scer	locus:NC_001136.10_476490-477296.	NC_001136.10	locus:NC_001136.10_476490-477296.	807	807	0.346	0.104	0.000	iiLocus	0	False	FF
Scer	locus:NC_001136.10_477297-505195.	NC_001136.10	locus:NC_001136.10_477297-505195.	27899	27899	0.376	-0.034	0.000	miLocus	18	False	NA
Scer	locus:NC_001136.10_505196-507646.	NC_001136.10	locus:NC_001136.10_505196-507646.	2451	2451	0.357	-0.007	0.000	iiLocus	0	False	RF
Scer	locus:NC_001136.10_507647-512609.	NC_001136.10	locus:NC_001136.10_507647-512609.	4963	4963	0.356	-0.042	0.000	miLocus	2	False	NA
Scer	locus:NC_001136.10_512610-513542.	NC_001136.10	locus:NC_001136.10_512610-513542.	933	933	0.312	0.031	0.000	iiLocus	0	False	RR
Scer	locus:NC_001136.10_513543-519856.	NC_001136.10	locus:NC_001136.10_513543-519856.	6314	6007	0.358	0.123	0.000	ciLocus	2	False	NA
Scer	locus:NC_001136.10_519243-543869.	NC_001136.10	locus:NC_001136.10_519243-543869.	24627	24320	0.385	-0.011	0.000	miLocus	14	False	NA
Scer	locus:NC_001136.10_543870-546141.	NC_001136.10	locus:NC_001136.10_543870-546141.	2272	2272	0.367	0.025	0.000	iiLocus	0	False	RF
Scer	locus:NC_001136.10_546142-620541.	NC_001136.10	locus:NC_001136.10_546142-620541.	74400	74400	0.373	0.003	0.000	miLocus	47	False	NA
Scer	locus:NC_001136.10_620542-621611.	NC_001136.10	locus:NC_001136.10_620542-621611.	1070	1070	0.358	-0.029	0.000	iiLocus	0	False	RF
Scer	locus:NC_001136.10_621612-645724.	NC_001136.10	locus:NC_001136.10_621612-645724.	24113	23930	0.377	-0.008	0.000	miLocus	9	False	NA
Scer	locus:NC_001136.10_645358-651626.	NC_001136.10	locus:NC_001136.10_645358-651626.	6269	6085	0.373	0.151	0.000	ciLocus	2	False	NA
Scer	locus:NC_001136.10_651627-653106.	NC_001136.10	locus:NC_001136.10_651627-653106.	1480	1480	0.339	-0.127	0.000	iiLocus	0	False	RF
Scer	locus:NC_001136.10_653107-682117.	NC_001136.10	locus:NC_001136.10_653107-682117.	29011	28664	0.374	-0.025	0.000	miLocus	15	False	NA
Scer	locus:NC_001136.10_681424-682992.	NC_001136.10	locus:NC_001136.10_681424-682992.	1569	838	0.369	0.016	0.000	ciLocus	2	False	NA
Scer	locus:NC_001136.10_682224-720803.	NC_001136.10	locus:NC_001136.10_682224-720803.	38580	38195	0.383	0.031	0.000	miLocus	18	False	NA
Scer	locus:NC_001136.10_720804-722503.	NC_001136.10	locus:NC_001136.10_720804-722503.	1700	1700	0.396	0.120	0.000	iiLocus	0	False	RR
Scer	locus:NC_001136.10_722504-769500.	NC_001136.10	locus:NC_001136.10_722504-769500.	46997	46759	0.378	0.021	0.000	miLocus	18	False	NA
Scer	locus:NC_001136.10_769025-770832.	NC_001136.10	locus:NC_001136.10_769025-770832.	1808	1082	0.432	0.019	0.000	ciLocus	2	False	NA
Scer	locus:NC_001136.10_769857-805017.	NC_001136.10	locus:NC_001136.10_769857-805017.	35161	34673	0.371	0.006	0.000	miLocus	16	False	NA
Scer	locus:NC_001136.10_805018-806120.	NC_001136.10	locus:NC_001136.10_805018-806120.	1103	1103	0.361	-0.121	0.000	iiLocus	0	False	FF
Scer	locus:NC_001136.10_806121-871063.	NC_001136.10	locus:NC_001136.10_806121-871063.	64943	64679	0.381	0.006	0.000	miLocus	37	False	NA
Scer	locus:NC_001136.10_870536-871949.	NC_001136.10	locus:NC_001136.10_870536-871949.	1414	981	0.339	0.006	0.000	ciLocus	2	False	NA
Scer	locus:NC_001136.10_871612-878042.	NC_001136.10	locus:NC_001136.10_871612-878042.	6431	6262	0.357	-0.127	0.000	ciLocus	2	False	NA
Scer	locus:NC_001136.10_878043-884427.	NC_001136.10	locus:NC_001136.10_878043-884427.	6385	6102	0.369	0.138	0.000	ciLocus	2	False	NA
Scer	locus:NC_001136.10_883861-979709.	NC_001136.10	locus:NC_001136.10_883861-979709.	95849	95565	0.378	0.003	0.000	miLocus	50	False	NA
Scer	locus:NC_001136.10_979710-980473.	NC_001136.10	locus:NC_001136.10_979710-980473.	764	764	0.325	-0.016	0.000	iiLocus	0	False	RR
Scer	locus:NC_001136.10_980474-981555.	NC_001136.10	locus:NC_001136.10_980474-981555.	1082	785	0.355	-0.031	0.000	niLocus	1	False	NA
Scer	locus:NC_001136.10_980962-987275.	NC_001136.10	locus:NC_001136.10_980962-987275.	6314	5896	0.360	-0.120	0.000	ciLocus	2	False	NA
Scer	locus:NC_001136.10_987034-992849.	NC_001136.10	locus:NC_001136.10_987034-992849.	5816	5436	0.373	0.158	0.000	ciLocus	2	False	NA
Scer	locus:NC_001136.10_992332-1017818.	NC_001136.10	locus:NC_001136.10_992332-1017818.	25487	25228	0.382	0.050	0.000	miLocus	17	False	NA
Scer	locus:NC_001136.10_1017819-1018867.	NC_001136.10	locus:NC_001136.10_1017819-1018867.	1049	1049	0.326	-0.070	0.000	iiLocus	0	False	RF
Scer	locus:NC_001136.10_1018868-1095961.	NC_001136.10	locus:NC_001136.10_1018868-1095961.	77094	76895	0.371	0.011	0.000	miLocus	39	False	NA
Scer	locus:NC_001136.10_1095564-1101832.	NC_001136.10	locus:NC_001136.10_1095564-1101832.	6269	5996	0.369	-0.150	0.000	ciLocus	2	False	NA
Scer	locus:NC_001136.10_1101684-1156428.	NC_001136.10	locus:NC_001136.10_1101684-1156428.	54745	54670	0.369	0.024	0.000	miLocus	27	False	NA
Scer	locus:NC_001136.10_1156429-1159107.	NC_001136.10	locus:NC_001136.10_1156429-1159107.	2679	2679	0.368	-0.031	0.000	iiLocus	0	False	RR
Scer	locus:NC_001136.10_1159108-1165160.	NC_001136.10	locus:NC_001136.10_1159108-1165160.	6053	6053	0.395	-0.048	0.000	miLocus	3	False	NA
Scer	locus:NC_001136.10_1165161-1166713.	NC_001136.10	locus:NC_001136.10_1165161-1166713.	1553	1553	0.374	-0.009	0.000	iiLocus	0	False	RR
Scer	locus:NC_001136.10_1166714-1174676.	NC_001136.10	locus:NC_001136.10_1166714-1174676.	7963	7963	0.390	-0.023	0.000	miLocus	4	False	NA
Scer	locus:NC_001136.10_1174677-1175328.	NC_001136.10	locus:NC_001136.10_1174677-1175328.	652	652	0.357	-0.021	0.000	iiLocus	0	False	RF
Scer	locus:NC_001136.10_1175329-1206883.	NC_001136.10	locus:NC_001136.10_1175329-1206883.	31555	31362	0.372	-0.018	0.000	miLocus	17	False	NA
Scer	locus:NC_001136.10_1206497-1212765.	NC_001136.10	locus:NC_001136.10_1206497-1212765.	6269	5661	0.375	-0.136	0.000	ciLocus	2	False	NA
Scer	locus:NC_001136.10_1211938-1341219.	NC_001136.10	locus:NC_001136.10_1211938-1341219.	129282	128868	0.383	-0.008	0.000	miLocus	72	False	NA
Scer	locus:NC_001136.10_1341220-1341992.	NC_001136.10	locus:NC_001136.10_1341220-1341992.	773	773	0.361	-0.054	0.000	iiLocus	0	False	FF
Scer	locus:NC_001136.10_1341993-1406354.	NC_001136.10	locus:NC_001136.10_1341993-1406354.	64362	64362	0.377	0.007	0.000	miLocus	33	False	NA
Scer	locus:NC_001136.10_1406355-1406963.	NC_001136.10	locus:NC_001136.10_1406355-1406963.	609	609	0.345	-0.067	0.000	iiLocus	0	False	RR
Scer	locus:NC_001136.10_1406964-1470918.	NC_001136.10	locus:NC_001136.10_1406964-1470918.	63955	63496	0.387	-0.035	0.000	miLocus	36	False	NA
Scer	locus:NC_001136.10_1470000-1471948.	NC_001136.10	locus:NC_001136.10_1470000-1471948.	1949	1039	0.397	-0.164	0.000	ciLocus	2	False	NA
Scer	locus:NC_001136.10_1471048-1493526.	NC_001136.10	locus:NC_001136.10_1471048-1493526.	22479	22028	0.376	-0.049	0.000	miLocus	16	False	NA
Scer	locus:NC_001136.10_1493527-1494085.	NC_001136.10	locus:NC_001136.10_1493527-1494085.	559	559	0.351	-0.122	0.000	iiLocus	0	False	RF
Scer	locus:NC_001136.10_1494086-1505400.	NC_001136.10	locus:NC_001136.10_1494086-1505400.	11315	11315	0.382	-0.025	0.000	miLocus	7	False	NA
Scer	locus:NC_001136.10_1505401-1507504.	NC_001136.10	locus:NC_001136.10_1505401-1507504.	2104	2104	0.378	-0.047	0.000	iiLocus	0	False	RF
Scer	locus:NC_001136.10_1507505-1514105.	NC_001136.10	locus:NC_001136.10_1507505-1514105.	6601	6601	0.384	0.017	0.000	miLocus	3	False	NA
Scer	locus:NC_001136.10_1514106-1516635.	NC_001136.10	locus:NC_001136.10_1514106-1516635.	2530	2530	0.345	0.095	0.000	iiLocus	0	False	FR
Scer	locus:NC_001136.10_1516636-1518175.	NC_001136.10	locus:NC_001136.10_1516636-1518175.	1540	1540	0.336	-0.064	0.000	siLocus	1	False	NA
Scer	locus:NC_001136.10_1518176-1519163.	NC_001136.10	locus:NC_001136.10_1518176-1519163.	988	988	0.328	0.056	0.000	iiLocus	0	False	RR
Scer	locus:NC_001136.10_1519164-1521198.	NC_001136.10	locus:NC_001136.10_1519164-1521198.	2035	2035	0.363	0.000	0.000	siLocus	1	False	NA
Scer	locus:NC_001136.10_1521199-1522748.	NC_001136.10	locus:NC_001136.10_1521199-1522748.	1550	1550	0.357	-0.007	0.000	iiLocus	0	False	RF
Scer	locus:NC_001136.10_1522749-1524111.	NC_001136.10	locus:NC_001136.10_1522749-1524111.	1363	1363	0.406	-0.013	0.000	siLocus	1	False	NA
Scer	locus:NC_001136.10_1524112-1525820.	NC_001136.10	locus:NC_001136.10_1524112-1525820.	1709	1709	0.416	0.457	0.000	iiLocus	0	False	FF
Scer	locus:NC_001136.10_1525821-1531933.	NC_001136.10	locus:NC_001136.10_1525821-1531933.	6113	6113	0.441	0.107	0.000	siLocus	1	False	NA
Scer	locus:NC_001137.3_1-4597.	NC_001137.3	locus:NC_001137.3_1-4597.	4597	4141	0.451	-0.100	0.000	siLocus	1	False	NA
Scer	locus:NC_001137.3_3685-5614.	NC_001137.3	locus:NC_001137.3_3685-5614.	1930	1088	0.440	-0.087	0.000	ciLocus	2	False	NA
Scer	locus:NC_001137.3_4845-6213.	NC_001137.3	locus:NC_001137.3_4845-6213.	1369	984	0.411	-0.069	0.000	siLocus	1	False	NA
Scer	locus:NC_001137.3_6214-6729.	NC_001137.3	locus:NC_001137.3_6214-6729.	516	516	0.362	-0.433	0.000	iiLocus	0	False	RR
Scer	locus:NC_001137.3_6730-8053.	NC_001137.3	locus:NC_001137.3_6730-8053.	1324	1324	0.371	-0.018	0.000	siLocus	1	False	NA
Scer	locus:NC_001137.3_8054-13219.	NC_001137.3	locus:NC_001137.3_8054-13219.	5166	5166	0.351	-0.005	0.000	iiLocus	0	False	RF
Scer	locus:NC_001137.3_13220-14915.	NC_001137.3	locus:NC_001137.3_13220-14915.	1696	1696	0.347	-0.015	0.000	siLocus	1	False	NA
Scer	locus:NC_001137.3_14916-15854.	NC_001137.3	locus:NC_001137.3_14916-15854.	939	939	0.333	0.010	0.000	iiLocus	0	False	FF
Scer	locus:NC_001137.3_15855-18345.	NC_001137.3	locus:NC_001137.3_15855-18345.	2491	2491	0.380	0.047	0.000	siLocus	1	False	NA
Scer	locus:NC_001137.3_18346-19088.	NC_001137.3	locus:NC_001137.3_18346-19088.	743	743	0.389	-0.031	0.000	iiLocus	0	False	FF
Scer	locus:NC_001137.3_19089-23731.	NC_001137.3	locus:NC_001137.3_19089-23731.	4643	4643	0.407	-0.075	0.000	miLocus	2	False	NA
Scer	locus:NC_001137.3_23732-25145.	NC_001137.3	locus:NC_001137.3_23732-25145.	1414	1414	0.376	0.034	0.000	iiLocus	0	False	RR
Scer	locus:NC_001137.3_25146-26478.	NC_001137.3	locus:NC_001137.3_25146-26478.	1333	938	0.388	0.044	0.000	siLocus	1	False	NA
Scer	locus:NC_001137.3_25689-27706.	NC_001137.3	locus:NC_001137.3_25689-27706.	2018	1348	0.429	0.023	0.000	ciLocus	2	False	NA
Scer	locus:NC_001137.3_27157-62460.	NC_001137.3	locus:NC_001137.3_27157-62460.	35304	35029	0.382	-0.007	0.000	miLocus	20	False	NA
Scer	locus:NC_001137.3_62461-63227.	NC_001137.3	locus:NC_001137.3_62461-63227.	767	767	0.346	-0.094	0.000	iiLocus	0	False	RF
Scer	locus:NC_001137.3_63228-137278.	NC_001137.3	locus:NC_001137.3_63228-137278.	74051	74051	0.390	0.008	0.000	miLocus	46	False	NA
Scer	locus:NC_001137.3_137279-138165.	NC_001137.3	locus:NC_001137.3_137279-138165.	887	887	0.295	0.107	0.000	iiLocus	0	False	RF
Scer	locus:NC_001137.3_138166-151478.	NC_001137.3	locus:NC_001137.3_138166-151478.	13313	13313	0.362	-0.026	0.000	miLocus	10	False	NA
Scer	locus:NC_001137.3_151479-153019.	NC_001137.3	locus:NC_001137.3_151479-153019.	1541	1541	0.322	-0.069	0.000	iiLocus	0	False	RF
Scer	locus:NC_001137.3_153020-173838.	NC_001137.3	locus:NC_001137.3_153020-173838.	20819	20819	0.375	0.047	0.000	miLocus	12	False	NA
Scer	locus:NC_001137.3_173839-174747.	NC_001137.3	locus:NC_001137.3_173839-174747.	909	909	0.364	-0.100	0.000	iiLocus	0	False	RF
Scer	locus:NC_001137.3_174748-182778.	NC_001137.3	locus:NC_001137.3_174748-182778.	8031	7692	0.379	0.027	0.000	miLocus	4	False	NA
Scer	locus:NC_001137.3_182100-187275.	NC_001137.3	locus:NC_001137.3_182100-187275.	5176	4836	0.390	0.055	0.000	ciLocus	3	False	NA
Scer	locus:NC_001137.3_187276-187776.	NC_001137.3	locus:NC_001137.3_187276-187776.	501	501	0.389	-0.067	0.000	iiLocus	0	False	FF
Scer	locus:NC_001137.3_187777-228752.	NC_001137.3	locus:NC_001137.3_187777-228752.	40976	40575	0.398	0.016	0.000	miLocus	25	False	NA
Scer	locus:NC_001137.3_227951-229705.	NC_001137.3	locus:NC_001137.3_227951-229705.	1755	883	0.406	-0.062	0.000	ciLocus	2	False	NA
Scer	locus:NC_001137.3_228763-242001.	NC_001137.3	locus:NC_001137.3_228763-242001.	13239	12767	0.380	0.008	0.000	miLocus	8	False	NA
Scer	locus:NC_001137.3_242002-242679.	NC_001137.3	locus:NC_001137.3_242002-242679.	678	678	0.456	-0.061	0.000	iiLocus	0	False	RF
Scer	locus:NC_001137.3_242680-248657.	NC_001137.3	locus:NC_001137.3_242680-248657.	5978	5978	0.389	-0.025	0.000	miLocus	3	False	NA
Scer	locus:NC_001137.3_248658-249785.	NC_001137.3	locus:NC_001137.3_248658-249785.	1128	1128	0.309	0.100	0.000	iiLocus	0	False	RF
Scer	locus:NC_001137.3_249786-287414.	NC_001137.3	locus:NC_001137.3_249786-287414.	37629	37629	0.385	0.039	0.000	miLocus	22	False	NA
Scer	locus:NC_001137.3_287415-287942.	NC_001137.3	locus:NC_001137.3_287415-287942.	528	528	0.330	-0.103	0.000	iiLocus	0	False	RR
Scer	locus:NC_001137.3_287943-289024.	NC_001137.3	locus:NC_001137.3_287943-289024.	1082	1082	0.349	-0.159	0.000	niLocus	1	False	NA
Scer	locus:NC_001137.3_289025-289741.	NC_001137.3	locus:NC_001137.3_289025-289741.	717	717	0.372	-0.011	0.000	iiLocus	0	False	RF
Scer	locus:NC_001137.3_289742-353736.	NC_001137.3	locus:NC_001137.3_289742-353736.	63995	63995	0.390	0.017	0.000	miLocus	37	False	NA
Scer	locus:NC_001137.3_353737-354433.	NC_001137.3	locus:NC_001137.3_353737-354433.	697	697	0.334	0.030	0.000	iiLocus	0	False	FF
Scer	locus:NC_001137.3_354434-375045.	NC_001137.3	locus:NC_001137.3_354434-375045.	20612	20612	0.377	-0.018	0.000	miLocus	11	False	NA
Scer	locus:NC_001137.3_375046-378261.	NC_001137.3	locus:NC_001137.3_375046-378261.	3216	3216	0.410	-0.001	0.000	iiLocus	0	False	RR
Scer	locus:NC_001137.3_378262-422946.	NC_001137.3	locus:NC_001137.3_378262-422946.	44685	44685	0.379	0.012	0.000	miLocus	21	False	NA
Scer	locus:NC_001137.3_422947-423451.	NC_001137.3	locus:NC_001137.3_422947-423451.	505	505	0.400	0.010	0.000	iiLocus	0	False	RF
Scer	locus:NC_001137.3_423452-443775.	NC_001137.3	locus:NC_001137.3_423452-443775.	20324	20064	0.363	0.040	0.000	miLocus	14	False	NA
Scer	locus:NC_001137.3_443256-449524.	NC_001137.3	locus:NC_001137.3_443256-449524.	6269	5734	0.371	0.149	0.000	ciLocus	2	False	NA
Scer	locus:NC_001137.3_448974-462240.	NC_001137.3	locus:NC_001137.3_448974-462240.	13267	12814	0.389	-0.003	0.000	miLocus	8	False	NA
Scer	locus:NC_001137.3_461886-463366.	NC_001137.3	locus:NC_001137.3_461886-463366.	1481	854	0.466	0.032	0.000	ciLocus	2	False	NA
Scer	locus:NC_001137.3_462468-492924.	NC_001137.3	locus:NC_001137.3_462468-492924.	30457	29723	0.398	0.009	0.000	miLocus	16	False	NA
Scer	locus:NC_001137.3_492356-498735.	NC_001137.3	locus:NC_001137.3_492356-498735.	6380	6095	0.378	0.155	0.000	ciLocus	2	False	NA
Scer	locus:NC_001137.3_498736-504282.	NC_001137.3	locus:NC_001137.3_498736-504282.	5547	5547	0.394	-0.175	0.000	miLocus	3	False	NA
Scer	locus:NC_001137.3_504283-504891.	NC_001137.3	locus:NC_001137.3_504283-504891.	609	609	0.378	-0.122	0.000	iiLocus	0	False	RF
Scer	locus:NC_001137.3_504892-554469.	NC_001137.3	locus:NC_001137.3_504892-554469.	49578	49578	0.382	0.003	0.000	miLocus	23	False	NA
Scer	locus:NC_001137.3_554470-555795.	NC_001137.3	locus:NC_001137.3_554470-555795.	1326	1326	0.347	-0.087	0.000	iiLocus	0	False	RR
Scer	locus:NC_001137.3_555796-563125.	NC_001137.3	locus:NC_001137.3_555796-563125.	7330	7330	0.371	-0.066	0.000	miLocus	3	False	NA
Scer	locus:NC_001137.3_563126-565729.	NC_001137.3	locus:NC_001137.3_563126-565729.	2604	2604	0.342	0.055	0.000	iiLocus	0	False	RF
Scer	locus:NC_001137.3_565730-570531.	NC_001137.3	locus:NC_001137.3_565730-570531.	4802	4802	0.403	0.163	0.000	miLocus	3	False	NA
Scer	locus:NC_001137.3_570532-576874.	NC_001137.3	locus:NC_001137.3_570532-576874.	6343	6343	0.443	0.117	0.000	ciLocus	3	False	NA
Scer	locus:NC_001138.5_1-3115.	NC_001138.5	locus:NC_001138.5_1-3115.	3115	2822	0.463	-0.114	0.000	miLocus	3	False	NA
Scer	locus:NC_001138.5_2530-4346.	NC_001138.5	locus:NC_001138.5_2530-4346.	1817	1524	0.420	-0.037	0.000	ciLocus	2	False	NA
Scer	locus:NC_001138.5_4347-5925.	NC_001138.5	locus:NC_001138.5_4347-5925.	1579	1579	0.427	-0.504	0.000	iiLocus	0	False	RF
Scer	locus:NC_001138.5_5926-8065.	NC_001138.5	locus:NC_001138.5_5926-8065.	2140	2140	0.382	0.006	0.000	siLocus	1	False	NA
Scer	locus:NC_001138.5_8066-9044.	NC_001138.5	locus:NC_001138.5_8066-9044.	979	979	0.345	-0.077	0.000	iiLocus	0	False	FF
Scer	locus:NC_001138.5_9045-14451.	NC_001138.5	locus:NC_001138.5_9045-14451.	5407	5407	0.405	0.014	0.000	miLocus	4	False	NA
Scer	locus:NC_001138.5_14452-16503.	NC_001138.5	locus:NC_001138.5_14452-16503.	2052	2052	0.398	-0.103	0.000	iiLocus	0	False	FF
Scer	locus:NC_001138.5_16504-19180.	NC_001138.5	locus:NC_001138.5_16504-19180.	2677	2677	0.398	0.071	0.000	siLocus	1	False	NA
Scer	locus:NC_001138.5_19181-20346.	NC_001138.5	locus:NC_001138.5_19181-20346.	1166	1166	0.366	0.059	0.000	iiLocus	0	False	FR
Scer	locus:NC_001138.5_20347-25698.	NC_001138.5	locus:NC_001138.5_20347-25698.	5352	5352	0.411	0.003	0.000	miLocus	2	False	NA
Scer	locus:NC_001138.5_25699-27731.	NC_001138.5	locus:NC_001138.5_25699-27731.	2033	2033	0.367	-0.047	0.000	iiLocus	0	False	FF
Scer	locus:NC_001138.5_27732-31040.	NC_001138.5	locus:NC_001138.5_27732-31040.	3309	3309	0.398	0.033	0.000	miLocus	2	False	NA
Scer	locus:NC_001138.5_31041-32771.	NC_001138.5	locus:NC_001138.5_31041-32771.	1731	1731	0.359	0.140	0.000	iiLocus	0	False	RR
Scer	locus:NC_001138.5_32772-97998.	NC_001138.5	locus:NC_001138.5_32772-97998.	65227	65227	0.392	0.030	0.000	miLocus	31	False	NA
Scer	locus:NC_001138.5_97999-98730.	NC_001138.5	locus:NC_001138.5_97999-98730.	732	732	0.384	0.025	0.000	iiLocus	0	False	FR
Scer	locus:NC_001138.5_98731-114487.	NC_001138.5	locus:NC_001138.5_98731-114487.	15757	15757	0.387	0.006	0.000	miLocus	12	False	NA
Scer	locus:NC_001138.5_114488-116243.	NC_001138.5	locus:NC_001138.5_114488-116243.	1756	1457	0.415	0.053	0.000	ciLocus	2	False	NA
Scer	locus:NC_001138.5_115645-138059.	NC_001138.5	locus:NC_001138.5_115645-138059.	22415	21937	0.366	0.059	0.000	miLocus	8	False	NA
Scer	locus:NC_001138.5_137704-144017.	NC_001138.5	locus:NC_001138.5_137704-144017.	6314	6136	0.358	-0.125	0.000	ciLocus	2	False	NA
Scer	locus:NC_001138.5_144018-144613.	NC_001138.5	locus:NC_001138.5_144018-144613.	596	596	0.305	0.011	0.000	iiLocus	0	False	FR
Scer	locus:NC_001138.5_144614-255549.	NC_001138.5	locus:NC_001138.5_144614-255549.	110936	110936	0.389	-0.017	0.000	miLocus	69	False	NA
Scer	locus:NC_001138.5_255550-258354.	NC_001138.5	locus:NC_001138.5_255550-258354.	2805	2805	0.402	0.172	0.000	iiLocus	0	False	RR
Scer	locus:NC_001138.5_258355-259933.	NC_001138.5	locus:NC_001138.5_258355-259933.	1579	1579	0.378	0.116	0.000	siLocus	1	False	NA
Scer	locus:NC_001138.5_259934-263703.	NC_001138.5	locus:NC_001138.5_259934-263703.	3770	3770	0.350	0.016	0.000	iiLocus	0	False	RF
Scer	locus:NC_001138.5_263704-265726.	NC_001138.5	locus:NC_001138.5_263704-265726.	2023	2023	0.378	0.113	0.000	siLocus	1	False	NA
Scer	locus:NC_001138.5_265727-268560.	NC_001138.5	locus:NC_001138.5_265727-268560.	2834	2834	0.362	-0.081	0.000	iiLocus	0	False	FF
Scer	locus:NC_001138.5_268561-270161.	NC_001138.5	locus:NC_001138.5_268561-270161.	1601	1601	0.349	0.134	0.000	siLocus	1	False	NA
Scer	locus:NC_001139.9_1-2289.	NC_001139.9	locus:NC_001139.9_1-2289.	2289	2289	0.353	-0.243	0.000	fiLocus	0	False	NA
Scer	locus:NC_001139.9_2290-9895.	NC_001139.9	locus:NC_001139.9_2290-9895.	7606	7606	0.365	0.030	0.000	miLocus	6	False	NA
Scer	locus:NC_001139.9_9896-10609.	NC_001139.9	locus:NC_001139.9_9896-10609.	714	714	0.347	-0.016	0.000	iiLocus	0	False	FF
Scer	locus:NC_001139.9_10610-16807.	NC_001139.9	locus:NC_001139.9_10610-16807.	6198	6198	0.370	-0.046	0.000	miLocus	3	False	NA
Scer	locus:NC_001139.9_16808-20477.	NC_001139.9	locus:NC_001139.9_16808-20477.	3670	3670	0.342	-0.088	0.000	iiLocus	0	False	FF
Scer	locus:NC_001139.9_20478-54028.	NC_001139.9	locus:NC_001139.9_20478-54028.	33551	33180	0.375	0.020	0.000	miLocus	19	False	NA
Scer	locus:NC_001139.9_53287-56315.	NC_001139.9	locus:NC_001139.9_53287-56315.	3029	2491	0.450	-0.019	0.000	ciLocus	2	False	NA
Scer	locus:NC_001139.9_55982-74402.	NC_001139.9	locus:NC_001139.9_55982-74402.	18421	18254	0.372	0.055	0.000	miLocus	11	False	NA
Scer	locus:NC_001139.9_74403-76393.	NC_001139.9	locus:NC_001139.9_74403-76393.	1991	1991	0.397	0.011	0.000	iiLocus	0	False	RF
Scer	locus:NC_001139.9_76394-165591.	NC_001139.9	locus:NC_001139.9_76394-165591.	89198	89198	0.383	0.004	0.000	miLocus	47	False	NA
Scer	locus:NC_001139.9_165592-166851.	NC_001139.9	locus:NC_001139.9_165592-166851.	1260	1260	0.407	-0.053	0.000	iiLocus	0	False	RF
Scer	locus:NC_001139.9_166852-187839.	NC_001139.9	locus:NC_001139.9_166852-187839.	20988	20550	0.369	-0.029	0.000	miLocus	10	False	NA
Scer	locus:NC_001139.9_186964-190968.	NC_001139.9	locus:NC_001139.9_186964-190968.	4005	3397	0.372	0.000	0.000	ciLocus	2	False	NA
Scer	locus:NC_001139.9_190629-196903.	NC_001139.9	locus:NC_001139.9_190629-196903.	6275	6105	0.400	-0.060	0.000	miLocus	3	False	NA
Scer	locus:NC_001139.9_196904-197637.	NC_001139.9	locus:NC_001139.9_196904-197637.	734	734	0.474	-0.138	0.000	iiLocus	0	False	RF
Scer	locus:NC_001139.9_197638-204333.	NC_001139.9	locus:NC_001139.9_197638-204333.	6696	6696	0.370	-0.013	0.000	miLocus	4	False	NA
Scer	locus:NC_001139.9_204334-205020.	NC_001139.9	locus:NC_001139.9_204334-205020.	687	687	0.298	-0.005	0.000	iiLocus	0	False	FF
Scer	locus:NC_001139.9_205021-221422.	NC_001139.9	locus:NC_001139.9_205021-221422.	16402	15993	0.373	0.015	0.000	miLocus	8	False	NA
Scer	locus:NC_001139.9_220604-226377.	NC_001139.9	locus:NC_001139.9_220604-226377.	5774	5125	0.384	-0.099	0.000	ciLocus	2	False	NA
Scer	locus:NC_001139.9_225899-318579.	NC_001139.9	locus:NC_001139.9_225899-318579.	92681	92441	0.382	0.006	0.000	miLocus	50	False	NA
Scer	locus:NC_001139.9_318580-319280.	NC_001139.9	locus:NC_001139.9_318580-319280.	701	701	0.307	-0.116	0.000	iiLocus	0	False	FF
Scer	locus:NC_001139.9_319281-320352.	NC_001139.9	locus:NC_001139.9_319281-320352.	1072	1072	0.358	0.120	0.000	niLocus	1	False	NA
Scer	locus:NC_001139.9_320353-321281.	NC_001139.9	locus:NC_001139.9_320353-321281.	929	929	0.344	-0.013	0.000	iiLocus	0	False	FF
Scer	locus:NC_001139.9_321282-323730.	NC_001139.9	locus:NC_001139.9_321282-323730.	2449	2449	0.408	0.056	0.000	siLocus	1	False	NA
Scer	locus:NC_001139.9_323731-324830.	NC_001139.9	locus:NC_001139.9_323731-324830.	1100	1100	0.392	-0.035	0.000	iiLocus	0	False	FF
Scer	locus:NC_001139.9_324831-326661.	NC_001139.9	locus:NC_001139.9_324831-326661.	1831	1831	0.369	-0.055	0.000	siLocus	1	False	NA
Scer	locus:NC_001139.9_326662-328082.	NC_001139.9	locus:NC_001139.9_326662-328082.	1421	1421	0.349	0.020	0.000	iiLocus	0	False	FF
Scer	locus:NC_001139.9_328083-412867.	NC_001139.9	locus:NC_001139.9_328083-412867.	84785	84785	0.379	0.005	0.000	miLocus	52	False	NA
Scer	locus:NC_001139.9_412868-413601.	NC_001139.9	locus:NC_001139.9_412868-413601.	734	734	0.504	-0.146	0.000	iiLocus	0	False	RF
Scer	locus:NC_001139.9_413602-418912.	NC_001139.9	locus:NC_001139.9_413602-418912.	5311	4957	0.391	-0.055	0.000	miLocus	3	False	NA
Scer	locus:NC_001139.9_418204-419789.	NC_001139.9	locus:NC_001139.9_418204-419789.	1586	850	0.367	0.021	0.000	ciLocus	2	False	NA
Scer	locus:NC_001139.9_419027-421055.	NC_001139.9	locus:NC_001139.9_419027-421055.	2029	1647	0.398	-0.029	0.000	siLocus	1	False	NA
Scer	locus:NC_001139.9_421056-422591.	NC_001139.9	locus:NC_001139.9_421056-422591.	1536	1536	0.359	-0.009	0.000	iiLocus	0	False	RF
Scer	locus:NC_001139.9_422592-434079.	NC_001139.9	locus:NC_001139.9_422592-434079.	11488	11488	0.383	-0.008	0.000	miLocus	7	False	NA
Scer	locus:NC_001139.9_434080-435124.	NC_001139.9	locus:NC_001139.9_434080-435124.	1045	1045	0.373	-0.015	0.000	iiLocus	0	False	RF
Scer	locus:NC_001139.9_435125-484137.	NC_001139.9	locus:NC_001139.9_435125-484137.	49013	49013	0.389	0.008	0.000	miLocus	28	False	NA
Scer	locus:NC_001139.9_484138-484922.	NC_001139.9	locus:NC_001139.9_484138-484922.	785	785	0.364	-0.070	0.000	iiLocus	0	False	FF
Scer	locus:NC_001139.9_484923-523333.	NC_001139.9	locus:NC_001139.9_484923-523333.	38411	38388	0.384	-0.020	0.000	miLocus	22	False	NA
Scer	locus:NC_001139.9_523287-525194.	NC_001139.9	locus:NC_001139.9_523287-525194.	1908	1651	0.390	0.051	0.000	ciLocus	2	False	NA
Scer	locus:NC_001139.9_524729-534958.	NC_001139.9	locus:NC_001139.9_524729-534958.	10230	9997	0.389	-0.054	0.000	miLocus	9	False	NA
Scer	locus:NC_001139.9_534959-535556.	NC_001139.9	locus:NC_001139.9_534959-535556.	598	598	0.314	0.138	0.000	iiLocus	0	False	RF
Scer	locus:NC_001139.9_535557-541825.	NC_001139.9	locus:NC_001139.9_535557-541825.	6269	6031	0.371	-0.150	0.000	ciLocus	2	False	NA
Scer	locus:NC_001139.9_541350-546657.	NC_001139.9	locus:NC_001139.9_541350-546657.	5308	4712	0.355	0.025	0.000	miLocus	6	False	NA
Scer	locus:NC_001139.9_545941-547969.	NC_001139.9	locus:NC_001139.9_545941-547969.	2029	1567	0.430	0.052	0.000	ciLocus	2	False	NA
Scer	locus:NC_001139.9_547764-562243.	NC_001139.9	locus:NC_001139.9_547764-562243.	14480	14105	0.376	0.034	0.000	miLocus	9	False	NA
Scer	locus:NC_001139.9_561699-567967.	NC_001139.9	locus:NC_001139.9_561699-567967.	6269	5996	0.371	0.150	0.000	ciLocus	2	False	NA
Scer	locus:NC_001139.9_567968-574387.	NC_001139.9	locus:NC_001139.9_567968-574387.	6420	6420	0.357	0.135	0.000	iiLocus	0	False	RF
Scer	locus:NC_001139.9_574388-581936.	NC_001139.9	locus:NC_001139.9_574388-581936.	7549	7549	0.381	-0.053	0.000	miLocus	5	False	NA
Scer	locus:NC_001139.9_581937-582489.	NC_001139.9	locus:NC_001139.9_581937-582489.	553	553	0.315	0.092	0.000	iiLocus	0	False	RR
Scer	locus:NC_001139.9_582490-635967.	NC_001139.9	locus:NC_001139.9_582490-635967.	53478	53100	0.378	-0.028	0.000	miLocus	27	False	NA
Scer	locus:NC_001139.9_635212-637375.	NC_001139.9	locus:NC_001139.9_635212-637375.	2164	1400	0.347	-0.067	0.000	ciLocus	2	False	NA
Scer	locus:NC_001139.9_636604-653481.	NC_001139.9	locus:NC_001139.9_636604-653481.	16878	16492	0.393	-0.001	0.000	miLocus	12	False	NA
Scer	locus:NC_001139.9_653482-654133.	NC_001139.9	locus:NC_001139.9_653482-654133.	652	652	0.354	0.065	0.000	iiLocus	0	False	RF
Scer	locus:NC_001139.9_654134-660270.	NC_001139.9	locus:NC_001139.9_654134-660270.	6137	6137	0.370	-0.068	0.000	miLocus	2	False	NA
Scer	locus:NC_001139.9_660271-661248.	NC_001139.9	locus:NC_001139.9_660271-661248.	978	978	0.367	0.019	0.000	iiLocus	0	False	FF
Scer	locus:NC_001139.9_661249-701548.	NC_001139.9	locus:NC_001139.9_661249-701548.	40300	40300	0.374	0.020	0.000	miLocus	20	False	NA
Scer	locus:NC_001139.9_701549-703135.	NC_001139.9	locus:NC_001139.9_701549-703135.	1587	1587	0.360	-0.065	0.000	iiLocus	0	False	RF
Scer	locus:NC_001139.9_703136-707679.	NC_001139.9	locus:NC_001139.9_703136-707679.	4544	4259	0.358	0.035	0.000	miLocus	3	False	NA
Scer	locus:NC_001139.9_707110-712981.	NC_001139.9	locus:NC_001139.9_707110-712981.	5872	5587	0.401	-0.153	0.000	ciLocus	2	False	NA
Scer	locus:NC_001139.9_712982-766106.	NC_001139.9	locus:NC_001139.9_712982-766106.	53125	53125	0.380	0.014	0.000	miLocus	30	False	NA
Scer	locus:NC_001139.9_766107-766928.	NC_001139.9	locus:NC_001139.9_766107-766928.	822	822	0.460	0.095	0.000	iiLocus	0	False	RF
Scer	locus:NC_001139.9_766929-778008.	NC_001139.9	locus:NC_001139.9_766929-778008.	11080	11080	0.377	0.046	0.000	miLocus	5	False	NA
Scer	locus:NC_001139.9_778009-779115.	NC_001139.9	locus:NC_001139.9_778009-779115.	1107	1107	0.326	0.025	0.000	iiLocus	0	False	FF
Scer	locus:NC_001139.9_779116-811121.	NC_001139.9	locus:NC_001139.9_779116-811121.	32006	32006	0.377	0.009	0.000	miLocus	20	False	NA
Scer	locus:NC_001139.9_811122-817551.	NC_001139.9	locus:NC_001139.9_811122-817551.	6430	6278	0.358	-0.119	0.000	ciLocus	2	False	NA
Scer	locus:NC_001139.9_817247-823515.	NC_001139.9	locus:NC_001139.9_817247-823515.	6269	5849	0.372	0.132	0.000	ciLocus	2	False	NA
Scer	locus:NC_001139.9_822982-879315.	NC_001139.9	locus:NC_001139.9_822982-879315.	56334	56067	0.377	-0.003	0.000	miLocus	34	False	NA
Scer	locus:NC_001139.9_879316-879919.	NC_001139.9	locus:NC_001139.9_879316-879919.	604	604	0.338	-0.118	0.000	iiLocus	0	False	RF
Scer	locus:NC_001139.9_879920-931523.	NC_001139.9	locus:NC_001139.9_879920-931523.	51604	51604	0.388	-0.014	0.000	miLocus	29	False	NA
Scer	locus:NC_001139.9_931524-932040.	NC_001139.9	locus:NC_001139.9_931524-932040.	517	517	0.319	0.018	0.000	iiLocus	0	False	RF
Scer	locus:NC_001139.9_932041-958710.	NC_001139.9	locus:NC_001139.9_932041-958710.	26670	26670	0.371	-0.011	0.000	miLocus	15	False	NA
Scer	locus:NC_001139.9_958711-959403.	NC_001139.9	locus:NC_001139.9_958711-959403.	693	693	0.382	-0.026	0.000	iiLocus	0	False	RF
Scer	locus:NC_001139.9_959404-989919.	NC_001139.9	locus:NC_001139.9_959404-989919.	30516	30516	0.392	-0.039	0.000	miLocus	16	False	NA
Scer	locus:NC_001139.9_989920-990675.	NC_001139.9	locus:NC_001139.9_989920-990675.	756	756	0.378	0.063	0.000	iiLocus	0	False	FR
Scer	locus:NC_001139.9_990676-994021.	NC_001139.9	locus:NC_001139.9_990676-994021.	3346	3346	0.368	0.008	0.000	siLocus	1	False	NA
Scer	locus:NC_001139.9_994022-995138.	NC_001139.9	locus:NC_001139.9_994022-995138.	1117	1117	0.393	0.007	0.000	iiLocus	0	False	RF
Scer	locus:NC_001139.9_995139-999640.	NC_001139.9	locus:NC_001139.9_995139-999640.	4502	4502	0.370	0.041	0.000	miLocus	3	False	NA
Scer	locus:NC_001139.9_999641-1000426.	NC_001139.9	locus:NC_001139.9_999641-1000426.	786	786	0.391	-0.049	0.000	iiLocus	0	False	RF
Scer	locus:NC_001139.9_1000427-1011266.	NC_001139.9	locus:NC_001139.9_1000427-1011266.	10840	10840	0.409	-0.067	0.000	miLocus	6	False	NA
Scer	locus:NC_001139.9_1011267-1011984.	NC_001139.9	locus:NC_001139.9_1011267-1011984.	718	718	0.418	-0.113	0.000	iiLocus	0	False	RF
Scer	locus:NC_001139.9_1011985-1065440.	NC_001139.9	locus:NC_001139.9_1011985-1065440.	53456	53456	0.380	0.019	0.000	miLocus	25	False	NA
Scer	locus:NC_001139.9_1065441-1066721.	NC_001139.9	locus:NC_001139.9_1065441-1066721.	1281	1281	0.358	-0.002	0.000	iiLocus	0	False	RR
Scer	locus:NC_001139.9_1066722-1072214.	NC_001139.9	locus:NC_001139.9_1066722-1072214.	5493	5493	0.396	-0.041	0.000	miLocus	2	False	NA
Scer	locus:NC_001139.9_1072215-1073462.	NC_001139.9	locus:NC_001139.9_1072215-1073462.	1248	1248	0.339	0.040	0.000	iiLocus	0	False	FR
Scer	locus:NC_001139.9_1073463-1078853.	NC_001139.9	locus:NC_001139.9_1073463-1078853.	5391	5391	0.381	-0.018	0.000	miLocus	2	False	NA
Scer	locus:NC_001139.9_1078854-1079805.	NC_001139.9	locus:NC_001139.9_1078854-1079805.	952	952	0.382	-0.104	0.000	iiLocus	0	False	FF
Scer	locus:NC_001139.9_1079806-1083229.	NC_001139.9	locus:NC_001139.9_1079806-1083229.	3424	3424	0.390	-0.002	0.000	miLocus	2	False	NA
Scer	locus:NC_001139.9_1083230-1084363.	NC_001139.9	locus:NC_001139.9_1083230-1084363.	1134	1134	0.384	0.477	0.000	iiLocus	0	False	RF
Scer	locus:NC_001139.9_1084364-1090940.	NC_001139.9	locus:NC_001139.9_1084364-1090940.	6577	6577	0.442	0.118	0.000	siLocus	1	False	NA
Scer	locus:NC_001140.6_1-10713.	NC_001140.6	locus:NC_001140.6_1-10713.	10713	10713	0.411	-0.122	0.000	miLocus	5	False	NA
Scer	locus:NC_001140.6_10714-11422.	NC_001140.6	locus:NC_001140.6_10714-11422.	709	709	0.361	0.109	0.000	iiLocus	0	False	RR
Scer	locus:NC_001140.6_11423-85871.	NC_001140.6	locus:NC_001140.6_11423-85871.	74449	74218	0.387	-0.006	0.000	miLocus	40	False	NA
Scer	locus:NC_001140.6_85409-91972.	NC_001140.6	locus:NC_001140.6_85409-91972.	6564	6332	0.327	0.048	0.000	ciLocus	2	False	NA
Scer	locus:NC_001140.6_91973-99295.	NC_001140.6	locus:NC_001140.6_91973-99295.	7323	6839	0.401	0.034	0.000	miLocus	3	False	NA
Scer	locus:NC_001140.6_98328-100903.	NC_001140.6	locus:NC_001140.6_98328-100903.	2576	1714	0.420	-0.064	0.000	ciLocus	2	False	NA
Scer	locus:NC_001140.6_100148-116679.	NC_001140.6	locus:NC_001140.6_100148-116679.	16532	16154	0.367	-0.037	0.000	miLocus	11	False	NA
Scer	locus:NC_001140.6_116680-117313.	NC_001140.6	locus:NC_001140.6_116680-117313.	634	634	0.341	0.074	0.000	iiLocus	0	False	RF
Scer	locus:NC_001140.6_117314-146814.	NC_001140.6	locus:NC_001140.6_117314-146814.	29501	29501	0.387	0.009	0.000	miLocus	19	False	NA
Scer	locus:NC_001140.6_146815-147370.	NC_001140.6	locus:NC_001140.6_146815-147370.	556	556	0.338	0.064	0.000	iiLocus	0	False	RR
Scer	locus:NC_001140.6_147371-149169.	NC_001140.6	locus:NC_001140.6_147371-149169.	1799	1577	0.361	-0.025	0.000	siLocus	1	False	NA
Scer	locus:NC_001140.6_148725-150845.	NC_001140.6	locus:NC_001140.6_148725-150845.	2121	1834	0.364	-0.003	0.000	ciLocus	2	False	NA
Scer	locus:NC_001140.6_150717-201810.	NC_001140.6	locus:NC_001140.6_150717-201810.	51094	51029	0.396	-0.035	0.000	miLocus	27	False	NA
Scer	locus:NC_001140.6_201811-204106.	NC_001140.6	locus:NC_001140.6_201811-204106.	2296	2296	0.369	0.001	0.000	iiLocus	0	False	RF
Scer	locus:NC_001140.6_204107-293125.	NC_001140.6	locus:NC_001140.6_204107-293125.	89019	89019	0.379	-0.007	0.000	miLocus	54	False	NA
Scer	locus:NC_001140.6_293126-294168.	NC_001140.6	locus:NC_001140.6_293126-294168.	1043	1043	0.377	0.064	0.000	iiLocus	0	False	RR
Scer	locus:NC_001140.6_294169-522237.	NC_001140.6	locus:NC_001140.6_294169-522237.	228069	228069	0.384	-0.006	0.000	miLocus	125	False	NA
Scer	locus:NC_001140.6_522238-524891.	NC_001140.6	locus:NC_001140.6_522238-524891.	2654	2654	0.368	-0.027	0.000	iiLocus	0	False	RF
Scer	locus:NC_001140.6_524892-529119.	NC_001140.6	locus:NC_001140.6_524892-529119.	4228	4228	0.414	-0.165	0.000	siLocus	1	False	NA
Scer	locus:NC_001140.6_529120-538241.	NC_001140.6	locus:NC_001140.6_529120-538241.	9122	9122	0.348	-0.028	0.000	iiLocus	0	False	FF
Scer	locus:NC_001140.6_538242-542762.	NC_001140.6	locus:NC_001140.6_538242-542762.	4521	4521	0.434	-0.064	0.000	miLocus	5	False	NA
Scer	locus:NC_001140.6_542763-543463.	NC_001140.6	locus:NC_001140.6_542763-543463.	701	701	0.476	-0.413	0.000	iiLocus	0	False	FR
Scer	locus:NC_001140.6_543464-549997.	NC_001140.6	locus:NC_001140.6_543464-549997.	6534	6534	0.372	0.145	0.000	ciLocus	2	False	NA
Scer	locus:NC_001140.6_549998-556467.	NC_001140.6	locus:NC_001140.6_549998-556467.	6470	6470	0.388	0.072	0.000	miLocus	4	False	NA
Scer	locus:NC_001140.6_556468-557513.	NC_001140.6	locus:NC_001140.6_556468-557513.	1046	1046	0.463	0.537	0.000	iiLocus	0	False	FF
Scer	locus:NC_001140.6_557514-562643.	NC_001140.6	locus:NC_001140.6_557514-562643.	5130	5130	0.447	0.163	0.000	miLocus	2	False	NA
Scer	locus:NC_001141.2_1-6647.	NC_001141.2	locus:NC_001141.2_1-6647.	6647	6647	0.442	-0.111	0.000	siLocus	1	False	NA
Scer	locus:NC_001141.2_6648-8292.	NC_001141.2	locus:NC_001141.2_6648-8292.	1645	1645	0.338	-0.335	0.000	iiLocus	0	False	RR
Scer	locus:NC_001141.2_8293-9655.	NC_001141.2	locus:NC_001141.2_8293-9655.	1363	1363	0.392	0.030	0.000	siLocus	1	False	NA
Scer	locus:NC_001141.2_9656-10991.	NC_001141.2	locus:NC_001141.2_9656-10991.	1336	1336	0.389	-0.023	0.000	iiLocus	0	False	RF
Scer	locus:NC_001141.2_10992-19053.	NC_001141.2	locus:NC_001141.2_10992-19053.	8062	8062	0.388	0.028	0.000	miLocus	2	False	NA
Scer	locus:NC_001141.2_19054-22618.	NC_001141.2	locus:NC_001141.2_19054-22618.	3565	3565	0.395	-0.008	0.000	iiLocus	0	False	RR
Scer	locus:NC_001141.2_22619-26606.	NC_001141.2	locus:NC_001141.2_22619-26606.	3988	3988	0.434	0.205	0.000	siLocus	1	False	NA
Scer	locus:NC_001141.2_26607-30437.	NC_001141.2	locus:NC_001141.2_26607-30437.	3831	3831	0.374	0.065	0.000	iiLocus	0	False	RR
Scer	locus:NC_001141.2_30438-35186.	NC_001141.2	locus:NC_001141.2_30438-35186.	4749	4749	0.387	-0.054	0.000	miLocus	3	False	NA
Scer	locus:NC_001141.2_35187-36398.	NC_001141.2	locus:NC_001141.2_35187-36398.	1212	1212	0.376	0.018	0.000	iiLocus	0	False	RR
Scer	locus:NC_001141.2_36399-138377.	NC_001141.2	locus:NC_001141.2_36399-138377.	101979	101979	0.386	-0.009	0.000	miLocus	47	False	NA
Scer	locus:NC_001141.2_138378-139251.	NC_001141.2	locus:NC_001141.2_138378-139251.	874	874	0.413	-0.019	0.000	iiLocus	0	False	RF
Scer	locus:NC_001141.2_139252-167944.	NC_001141.2	locus:NC_001141.2_139252-167944.	28693	28261	0.386	0.028	0.000	miLocus	13	False	NA
Scer	locus:NC_001141.2_167081-170141.	NC_001141.2	locus:NC_001141.2_167081-170141.	3061	2299	0.379	0.037	0.000	ciLocus	2	False	NA
Scer	locus:NC_001141.2_169482-301757.	NC_001141.2	locus:NC_001141.2_169482-301757.	132276	131946	0.386	-0.021	0.000	miLocus	78	False	NA
Scer	locus:NC_001141.2_301758-303178.	NC_001141.2	locus:NC_001141.2_301758-303178.	1421	1421	0.400	0.113	0.000	iiLocus	0	False	RR
Scer	locus:NC_001141.2_303179-336920.	NC_001141.2	locus:NC_001141.2_303179-336920.	33742	33742	0.386	0.016	0.000	miLocus	22	False	NA
Scer	locus:NC_001141.2_336921-338843.	NC_001141.2	locus:NC_001141.2_336921-338843.	1923	1923	0.383	-0.045	0.000	iiLocus	0	False	RF
Scer	locus:NC_001141.2_338844-386201.	NC_001141.2	locus:NC_001141.2_338844-386201.	47358	47358	0.391	0.007	0.000	miLocus	30	False	NA
Scer	locus:NC_001141.2_386202-389071.	NC_001141.2	locus:NC_001141.2_386202-389071.	2870	2870	0.394	0.007	0.000	iiLocus	0	False	RR
Scer	locus:NC_001141.2_389072-425013.	NC_001141.2	locus:NC_001141.2_389072-425013.	35942	35942	0.406	0.047	0.000	miLocus	23	False	NA
Scer	locus:NC_001141.2_425014-429997.	NC_001141.2	locus:NC_001141.2_425014-429997.	4984	4984	0.365	0.017	0.000	iiLocus	0	False	RR
Scer	locus:NC_001141.2_429998-432611.	NC_001141.2	locus:NC_001141.2_429998-432611.	2614	2614	0.390	0.025	0.000	siLocus	1	False	NA
Scer	locus:NC_001141.2_432612-433428.	NC_001141.2	locus:NC_001141.2_432612-433428.	817	817	0.368	0.010	0.000	iiLocus	0	False	RF
Scer	locus:NC_001141.2_433429-436483.	NC_001141.2	locus:NC_001141.2_433429-436483.	3055	3055	0.379	-0.016	0.000	miLocus	2	False	NA
Scer	locus:NC_001141.2_436484-439888.	NC_001141.2	locus:NC_001141.2_436484-439888.	3405	3405	0.372	0.180	0.000	fiLocus	0	False	NA
Scer	locus:NC_001142.9_1-6630.	NC_001142.9	locus:NC_001142.9_1-6630.	6630	6630	0.441	-0.107	0.000	siLocus	1	False	NA
Scer	locus:NC_001142.9_6631-8275.	NC_001142.9	locus:NC_001142.9_6631-8275.	1645	1645	0.338	-0.335	0.000	iiLocus	0	False	RR
Scer	locus:NC_001142.9_8276-9638.	NC_001142.9	locus:NC_001142.9_8276-9638.	1363	1363	0.393	0.032	0.000	siLocus	1	False	NA
Scer	locus:NC_001142.9_9639-10974.	NC_001142.9	locus:NC_001142.9_9639-10974.	1336	1336	0.389	-0.023	0.000	iiLocus	0	False	RF
Scer	locus:NC_001142.9_10975-29096.	NC_001142.9	locus:NC_001142.9_10975-29096.	18122	18122	0.390	0.027	0.000	miLocus	7	False	NA
Scer	locus:NC_001142.9_29097-31662.	NC_001142.9	locus:NC_001142.9_29097-31662.	2566	2566	0.358	-0.028	0.000	iiLocus	0	False	FF
Scer	locus:NC_001142.9_31663-119325.	NC_001142.9	locus:NC_001142.9_31663-119325.	87663	87663	0.381	0.000	0.000	miLocus	49	False	NA
Scer	locus:NC_001142.9_119326-119948.	NC_001142.9	locus:NC_001142.9_119326-119948.	623	623	0.352	-0.041	0.000	iiLocus	0	False	RF
Scer	locus:NC_001142.9_119949-217809.	NC_001142.9	locus:NC_001142.9_119949-217809.	97861	97559	0.381	-0.003	0.000	miLocus	52	False	NA
Scer	locus:NC_001142.9_217205-220703.	NC_001142.9	locus:NC_001142.9_217205-220703.	3499	3196	0.392	-0.022	0.000	ciLocus	2	False	NA
Scer	locus:NC_001142.9_220704-223827.	NC_001142.9	locus:NC_001142.9_220704-223827.	3124	3124	0.360	-0.023	0.000	siLocus	1	False	NA
Scer	locus:NC_001142.9_223828-224554.	NC_001142.9	locus:NC_001142.9_223828-224554.	727	727	0.426	0.097	0.000	iiLocus	0	False	FF
Scer	locus:NC_001142.9_224555-294645.	NC_001142.9	locus:NC_001142.9_224555-294645.	70091	69851	0.383	0.020	0.000	miLocus	30	False	NA
Scer	locus:NC_001142.9_294166-295561.	NC_001142.9	locus:NC_001142.9_294166-295561.	1396	748	0.438	-0.031	0.000	ciLocus	2	False	NA
Scer	locus:NC_001142.9_294745-416536.	NC_001142.9	locus:NC_001142.9_294745-416536.	121792	121383	0.385	-0.004	0.000	miLocus	70	False	NA
Scer	locus:NC_001142.9_416537-417061.	NC_001142.9	locus:NC_001142.9_416537-417061.	525	525	0.288	0.007	0.000	iiLocus	0	False	RR
Scer	locus:NC_001142.9_417062-455181.	NC_001142.9	locus:NC_001142.9_417062-455181.	38120	38120	0.375	0.011	0.000	miLocus	21	False	NA
Scer	locus:NC_001142.9_455182-455738.	NC_001142.9	locus:NC_001142.9_455182-455738.	557	557	0.332	0.005	0.000	iiLocus	0	False	RF
Scer	locus:NC_001142.9_455739-459926.	NC_001142.9	locus:NC_001142.9_455739-459926.	4188	3872	0.360	-0.026	0.000	miLocus	3	False	NA
Scer	locus:NC_001142.9_459295-462093.	NC_001142.9	locus:NC_001142.9_459295-462093.	2799	2101	0.369	0.052	0.000	ciLocus	2	False	NA
Scer	locus:NC_001142.9_461329-472215.	NC_001142.9	locus:NC_001142.9_461329-472215.	10887	10504	0.423	0.000	0.000	miLocus	9	False	NA
Scer	locus:NC_001142.9_472216-478528.	NC_001142.9	locus:NC_001142.9_472216-478528.	6313	5971	0.378	-0.146	0.000	ciLocus	2	False	NA
Scer	locus:NC_001142.9_477844-484112.	NC_001142.9	locus:NC_001142.9_477844-484112.	6269	5599	0.371	-0.136	0.000	ciLocus	2	False	NA
Scer	locus:NC_001142.9_483459-539766.	NC_001142.9	locus:NC_001142.9_483459-539766.	56308	55981	0.374	0.047	0.000	miLocus	28	False	NA
Scer	locus:NC_001142.9_539767-541007.	NC_001142.9	locus:NC_001142.9_539767-541007.	1241	1241	0.357	0.061	0.000	iiLocus	0	False	FF
Scer	locus:NC_001142.9_541008-578690.	NC_001142.9	locus:NC_001142.9_541008-578690.	37683	37518	0.395	0.007	0.000	miLocus	23	False	NA
Scer	locus:NC_001142.9_578360-582116.	NC_001142.9	locus:NC_001142.9_578360-582116.	3757	3240	0.412	0.032	0.000	ciLocus	3	False	NA
Scer	locus:NC_001142.9_581414-659189.	NC_001142.9	locus:NC_001142.9_581414-659189.	77776	77038	0.386	-0.003	0.000	miLocus	47	False	NA
Scer	locus:NC_001142.9_658417-663780.	NC_001142.9	locus:NC_001142.9_658417-663780.	5364	4711	0.407	0.005	0.000	ciLocus	2	False	NA
Scer	locus:NC_001142.9_663249-703568.	NC_001142.9	locus:NC_001142.9_663249-703568.	40320	39962	0.375	-0.001	0.000	miLocus	19	False	NA
Scer	locus:NC_001142.9_703385-705772.	NC_001142.9	locus:NC_001142.9_703385-705772.	2388	2032	0.442	-0.105	0.000	ciLocus	2	False	NA
Scer	locus:NC_001142.9_705244-710207.	NC_001142.9	locus:NC_001142.9_705244-710207.	4964	4699	0.401	0.041	0.000	miLocus	3	False	NA
Scer	locus:NC_001142.9_710208-711754.	NC_001142.9	locus:NC_001142.9_710208-711754.	1547	1547	0.357	-0.054	0.000	iiLocus	0	False	RR
Scer	locus:NC_001142.9_711755-716240.	NC_001142.9	locus:NC_001142.9_711755-716240.	4486	4486	0.414	0.273	0.000	siLocus	1	False	NA
Scer	locus:NC_001142.9_716241-717079.	NC_001142.9	locus:NC_001142.9_716241-717079.	839	839	0.403	-0.030	0.000	iiLocus	0	False	RF
Scer	locus:NC_001142.9_717080-718130.	NC_001142.9	locus:NC_001142.9_717080-718130.	1051	1051	0.394	-0.029	0.000	siLocus	1	False	NA
Scer	locus:NC_001142.9_718131-719165.	NC_001142.9	locus:NC_001142.9_718131-719165.	1035	1035	0.355	0.019	0.000	iiLocus	0	False	FF
Scer	locus:NC_001142.9_719166-721797.	NC_001142.9	locus:NC_001142.9_719166-721797.	2632	2632	0.384	0.093	0.000	siLocus	1	False	NA
Scer	locus:NC_001142.9_721798-722314.	NC_001142.9	locus:NC_001142.9_721798-722314.	517	517	0.368	-0.011	0.000	iiLocus	0	False	FF
Scer	locus:NC_001142.9_722315-724400.	NC_001142.9	locus:NC_001142.9_722315-724400.	2086	2086	0.378	0.053	0.000	siLocus	1	False	NA
Scer	locus:NC_001142.9_724401-725283.	NC_001142.9	locus:NC_001142.9_724401-725283.	883	883	0.347	-0.026	0.000	iiLocus	0	False	FF
Scer	locus:NC_001142.9_725284-730096.	NC_001142.9	locus:NC_001142.9_725284-730096.	4813	4813	0.402	0.094	0.000	miLocus	3	False	NA
Scer	locus:NC_001142.9_730097-731939.	NC_001142.9	locus:NC_001142.9_730097-731939.	1843	1843	0.334	-0.104	0.000	iiLocus	0	False	RF
Scer	locus:NC_001142.9_731940-734643.	NC_001142.9	locus:NC_001142.9_731940-734643.	2704	2704	0.395	0.104	0.000	siLocus	1	False	NA
Scer	locus:NC_001142.9_734644-735543.	NC_001142.9	locus:NC_001142.9_734644-735543.	900	900	0.379	0.021	0.000	iiLocus	0	False	FF
Scer	locus:NC_001142.9_735544-740316.	NC_001142.9	locus:NC_001142.9_735544-740316.	4773	4773	0.394	-0.019	0.000	miLocus	2	False	NA
Scer	locus:NC_001142.9_740317-742347.	NC_001142.9	locus:NC_001142.9_740317-742347.	2031	2031	0.353	0.028	0.000	iiLocus	0	False	RR
Scer	locus:NC_001142.9_742348-744499.	NC_001142.9	locus:NC_001142.9_742348-744499.	2152	2152	0.380	0.010	0.000	siLocus	1	False	NA
Scer	locus:NC_001142.9_744500-745751.	NC_001142.9	locus:NC_001142.9_744500-745751.	1252	1252	0.412	0.562	0.000	fiLocus	0	False	NA
Scer	locus:NC_001143.9_1-1309.	NC_001143.9	locus:NC_001143.9_1-1309.	1309	1309	0.399	-0.540	0.000	fiLocus	0	False	NA
Scer	locus:NC_001143.9_1310-8028.	NC_001143.9	locus:NC_001143.9_1310-8028.	6719	6719	0.360	0.029	0.000	miLocus	3	False	NA
Scer	locus:NC_001143.9_8029-8590.	NC_001143.9	locus:NC_001143.9_8029-8590.	562	562	0.349	0.000	0.000	iiLocus	0	False	FR
Scer	locus:NC_001143.9_8591-11726.	NC_001143.9	locus:NC_001143.9_8591-11726.	3136	3136	0.371	-0.066	0.000	siLocus	1	False	NA
Scer	locus:NC_001143.9_11727-13984.	NC_001143.9	locus:NC_001143.9_11727-13984.	2258	2258	0.346	-0.010	0.000	iiLocus	0	False	RF
Scer	locus:NC_001143.9_13985-16208.	NC_001143.9	locus:NC_001143.9_13985-16208.	2224	2224	0.322	0.013	0.000	siLocus	1	False	NA
Scer	locus:NC_001143.9_16209-16858.	NC_001143.9	locus:NC_001143.9_16209-16858.	650	650	0.311	0.030	0.000	iiLocus	0	False	FR
Scer	locus:NC_001143.9_16859-18839.	NC_001143.9	locus:NC_001143.9_16859-18839.	1981	1981	0.374	-0.080	0.000	siLocus	1	False	NA
Scer	locus:NC_001143.9_18840-21733.	NC_001143.9	locus:NC_001143.9_18840-21733.	2894	2894	0.384	-0.049	0.000	iiLocus	0	False	RF
Scer	locus:NC_001143.9_21734-136205.	NC_001143.9	locus:NC_001143.9_21734-136205.	114472	114472	0.388	-0.006	0.000	miLocus	52	False	NA
Scer	locus:NC_001143.9_136206-137431.	NC_001143.9	locus:NC_001143.9_136206-137431.	1226	1226	0.361	0.065	0.000	iiLocus	0	False	RR
Scer	locus:NC_001143.9_137432-143319.	NC_001143.9	locus:NC_001143.9_137432-143319.	5888	5888	0.366	0.080	0.000	miLocus	3	False	NA
Scer	locus:NC_001143.9_143320-143900.	NC_001143.9	locus:NC_001143.9_143320-143900.	581	581	0.365	0.085	0.000	iiLocus	0	False	RF
Scer	locus:NC_001143.9_143901-145878.	NC_001143.9	locus:NC_001143.9_143901-145878.	1978	1978	0.406	-0.077	0.000	siLocus	1	False	NA
Scer	locus:NC_001143.9_145879-147129.	NC_001143.9	locus:NC_001143.9_145879-147129.	1251	1251	0.388	0.105	0.000	iiLocus	0	False	FR
Scer	locus:NC_001143.9_147130-151187.	NC_001143.9	locus:NC_001143.9_147130-151187.	4058	4058	0.365	0.016	0.000	miLocus	2	False	NA
Scer	locus:NC_001143.9_151188-152768.	NC_001143.9	locus:NC_001143.9_151188-152768.	1581	1581	0.348	0.124	0.000	iiLocus	0	False	RF
Scer	locus:NC_001143.9_152769-230380.	NC_001143.9	locus:NC_001143.9_152769-230380.	77612	77612	0.379	-0.006	0.000	miLocus	46	False	NA
Scer	locus:NC_001143.9_230381-231726.	NC_001143.9	locus:NC_001143.9_230381-231726.	1346	1346	0.454	0.100	0.000	iiLocus	0	False	RF
Scer	locus:NC_001143.9_231727-260031.	NC_001143.9	locus:NC_001143.9_231727-260031.	28305	28305	0.385	-0.014	0.000	miLocus	16	False	NA
Scer	locus:NC_001143.9_260032-260631.	NC_001143.9	locus:NC_001143.9_260032-260631.	600	600	0.373	-0.080	0.000	iiLocus	0	False	FF
Scer	locus:NC_001143.9_260632-303523.	NC_001143.9	locus:NC_001143.9_260632-303523.	42892	42892	0.377	0.003	0.000	miLocus	25	False	NA
Scer	locus:NC_001143.9_303524-304613.	NC_001143.9	locus:NC_001143.9_303524-304613.	1090	1090	0.349	-0.111	0.000	iiLocus	0	False	FF
Scer	locus:NC_001143.9_304614-322018.	NC_001143.9	locus:NC_001143.9_304614-322018.	17405	17405	0.376	0.031	0.000	miLocus	12	False	NA
Scer	locus:NC_001143.9_322019-322727.	NC_001143.9	locus:NC_001143.9_322019-322727.	709	709	0.460	0.135	0.000	iiLocus	0	False	RF
Scer	locus:NC_001143.9_322728-457554.	NC_001143.9	locus:NC_001143.9_322728-457554.	134827	134827	0.379	-0.002	0.000	miLocus	75	False	NA
Scer	locus:NC_001143.9_457555-458056.	NC_001143.9	locus:NC_001143.9_457555-458056.	502	502	0.321	0.081	0.000	iiLocus	0	False	RF
Scer	locus:NC_001143.9_458057-513903.	NC_001143.9	locus:NC_001143.9_458057-513903.	55847	55847	0.376	-0.034	0.000	miLocus	30	False	NA
Scer	locus:NC_001143.9_513904-514562.	NC_001143.9	locus:NC_001143.9_513904-514562.	659	659	0.392	-0.124	0.000	iiLocus	0	False	RF
Scer	locus:NC_001143.9_514563-581250.	NC_001143.9	locus:NC_001143.9_514563-581250.	66688	66688	0.392	-0.018	0.000	miLocus	38	False	NA
Scer	locus:NC_001143.9_581251-581782.	NC_001143.9	locus:NC_001143.9_581251-581782.	532	532	0.402	0.065	0.000	iiLocus	0	False	RF
Scer	locus:NC_001143.9_581783-614385.	NC_001143.9	locus:NC_001143.9_581783-614385.	32603	32603	0.378	-0.032	0.000	miLocus	17	False	NA
Scer	locus:NC_001143.9_614386-615229.	NC_001143.9	locus:NC_001143.9_614386-615229.	844	844	0.449	-0.034	0.000	iiLocus	0	False	RF
Scer	locus:NC_001143.9_615230-643004.	NC_001143.9	locus:NC_001143.9_615230-643004.	27775	27775	0.368	0.021	0.000	miLocus	10	False	NA
Scer	locus:NC_001143.9_643005-645855.	NC_001143.9	locus:NC_001143.9_643005-645855.	2851	2851	0.357	-0.021	0.000	iiLocus	0	False	FF
Scer	locus:NC_001143.9_645856-650365.	NC_001143.9	locus:NC_001143.9_645856-650365.	4510	4510	0.419	-0.139	0.000	siLocus	1	False	NA
Scer	locus:NC_001143.9_650366-652579.	NC_001143.9	locus:NC_001143.9_650366-652579.	2214	2214	0.340	0.037	0.000	iiLocus	0	False	FF
Scer	locus:NC_001143.9_652580-663789.	NC_001143.9	locus:NC_001143.9_652580-663789.	11210	11210	0.370	0.028	0.000	miLocus	4	False	NA
Scer	locus:NC_001143.9_663790-666816.	NC_001143.9	locus:NC_001143.9_663790-666816.	3027	3027	0.389	0.277	0.000	fiLocus	0	False	NA
Scer	locus:NC_001144.5_1-10336.	NC_001144.5	locus:NC_001144.5_1-10336.	10336	10336	0.446	-0.136	0.000	miLocus	3	False	NA
Scer	locus:NC_001144.5_10337-12582.	NC_001144.5	locus:NC_001144.5_10337-12582.	2246	2246	0.411	-0.413	0.000	iiLocus	0	False	RR
Scer	locus:NC_001144.5_12583-22339.	NC_001144.5	locus:NC_001144.5_12583-22339.	9757	9757	0.396	0.010	0.000	miLocus	5	False	NA
Scer	locus:NC_001144.5_22340-23068.	NC_001144.5	locus:NC_001144.5_22340-23068.	729	729	0.401	-0.034	0.000	iiLocus	0	False	RF
Scer	locus:NC_001144.5_23069-28805.	NC_001144.5	locus:NC_001144.5_23069-28805.	5737	5737	0.400	0.006	0.000	miLocus	3	False	NA
Scer	locus:NC_001144.5_28806-29608.	NC_001144.5	locus:NC_001144.5_28806-29608.	803	803	0.422	-0.068	0.000	iiLocus	0	False	RF
Scer	locus:NC_001144.5_29609-35704.	NC_001144.5	locus:NC_001144.5_29609-35704.	6096	5745	0.363	0.009	0.000	miLocus	2	False	NA
Scer	locus:NC_001144.5_35003-36861.	NC_001144.5	locus:NC_001144.5_35003-36861.	1859	1494	0.402	0.004	0.000	ciLocus	2	False	NA
Scer	locus:NC_001144.5_36833-93150.	NC_001144.5	locus:NC_001144.5_36833-93150.	56318	56303	0.382	-0.002	0.000	miLocus	24	False	NA
Scer	locus:NC_001144.5_93151-94246.	NC_001144.5	locus:NC_001144.5_93151-94246.	1096	1096	0.358	0.020	0.000	iiLocus	0	False	FF
Scer	locus:NC_001144.5_94247-112075.	NC_001144.5	locus:NC_001144.5_94247-112075.	17829	17829	0.407	0.024	0.000	miLocus	8	False	NA
Scer	locus:NC_001144.5_112076-115931.	NC_001144.5	locus:NC_001144.5_112076-115931.	3856	3856	0.375	-0.002	0.000	iiLocus	0	False	RF
Scer	locus:NC_001144.5_115932-219407.	NC_001144.5	locus:NC_001144.5_115932-219407.	103476	103476	0.374	0.041	0.000	miLocus	55	False	NA
Scer	locus:NC_001144.5_219408-221020.	NC_001144.5	locus:NC_001144.5_219408-221020.	1613	1613	0.388	0.188	0.000	iiLocus	0	False	RR
Scer	locus:NC_001144.5_221021-223559.	NC_001144.5	locus:NC_001144.5_221021-223559.	2539	2539	0.354	-0.013	0.000	miLocus	2	False	NA
Scer	locus:NC_001144.5_223560-224420.	NC_001144.5	locus:NC_001144.5_223560-224420.	861	861	0.396	0.150	0.000	iiLocus	0	False	RR
Scer	locus:NC_001144.5_224421-391831.	NC_001144.5	locus:NC_001144.5_224421-391831.	167411	167411	0.386	-0.008	0.000	miLocus	85	False	NA
Scer	locus:NC_001144.5_391832-392983.	NC_001144.5	locus:NC_001144.5_391832-392983.	1152	1152	0.368	-0.047	0.000	iiLocus	0	False	RF
Scer	locus:NC_001144.5_392984-449221.	NC_001144.5	locus:NC_001144.5_392984-449221.	56238	56238	0.386	0.035	0.000	miLocus	32	False	NA
Scer	locus:NC_001144.5_449222-451074.	NC_001144.5	locus:NC_001144.5_449222-451074.	1853	1853	0.361	-0.070	0.000	iiLocus	0	False	RR
Scer	locus:NC_001144.5_451075-470905.	NC_001144.5	locus:NC_001144.5_451075-470905.	19831	19831	0.435	-0.187	0.000	miLocus	22	False	NA
Scer	locus:NC_001144.5_470906-471612.	NC_001144.5	locus:NC_001144.5_470906-471612.	707	707	0.400	0.095	0.000	iiLocus	0	False	RF
Scer	locus:NC_001144.5_471613-474557.	NC_001144.5	locus:NC_001144.5_471613-474557.	2945	2945	0.433	0.016	0.000	miLocus	4	False	NA
Scer	locus:NC_001144.5_474558-475263.	NC_001144.5	locus:NC_001144.5_474558-475263.	706	706	0.399	0.099	0.000	iiLocus	0	False	RF
Scer	locus:NC_001144.5_475264-476476.	NC_001144.5	locus:NC_001144.5_475264-476476.	1213	891	0.378	-0.024	0.000	siLocus	1	False	NA
Scer	locus:NC_001144.5_475833-482101.	NC_001144.5	locus:NC_001144.5_475833-482101.	6269	5583	0.381	0.126	0.000	ciLocus	2	False	NA
Scer	locus:NC_001144.5_481373-484137.	NC_001144.5	locus:NC_001144.5_481373-484137.	2765	2400	0.422	0.039	0.000	miLocus	4	False	NA
Scer	locus:NC_001144.5_484138-484844.	NC_001144.5	locus:NC_001144.5_484138-484844.	707	707	0.400	0.095	0.000	iiLocus	0	False	RF
Scer	locus:NC_001144.5_484845-487789.	NC_001144.5	locus:NC_001144.5_484845-487789.	2945	2945	0.433	0.017	0.000	miLocus	4	False	NA
Scer	locus:NC_001144.5_487790-488496.	NC_001144.5	locus:NC_001144.5_487790-488496.	707	707	0.400	0.095	0.000	iiLocus	0	False	RF
Scer	locus:NC_001144.5_488497-593119.	NC_001144.5	locus:NC_001144.5_488497-593119.	104623	104532	0.388	-0.011	0.000	miLocus	64	False	NA
Scer	locus:NC_001144.5_592938-599362.	NC_001144.5	locus:NC_001144.5_592938-599362.	6425	6334	0.371	-0.132	0.000	ciLocus	2	False	NA
Scer	locus:NC_001144.5_599363-602963.	NC_001144.5	locus:NC_001144.5_599363-602963.	3601	3601	0.387	0.022	0.000	siLocus	1	False	NA
Scer	locus:NC_001144.5_602964-603711.	NC_001144.5	locus:NC_001144.5_602964-603711.	748	748	0.377	0.050	0.000	iiLocus	0	False	RR
Scer	locus:NC_001144.5_603712-652939.	NC_001144.5	locus:NC_001144.5_603712-652939.	49228	49228	0.390	-0.010	0.000	miLocus	27	False	NA
Scer	locus:NC_001144.5_652940-656433.	NC_001144.5	locus:NC_001144.5_652940-656433.	3494	3494	0.372	-0.122	0.000	iiLocus	0	False	FR
Scer	locus:NC_001144.5_656434-657506.	NC_001144.5	locus:NC_001144.5_656434-657506.	1073	1073	0.346	0.003	0.000	niLocus	1	False	NA
Scer	locus:NC_001144.5_657507-658325.	NC_001144.5	locus:NC_001144.5_657507-658325.	819	819	0.360	0.031	0.000	iiLocus	0	False	RF
Scer	locus:NC_001144.5_658326-668407.	NC_001144.5	locus:NC_001144.5_658326-668407.	10082	9747	0.398	0.010	0.000	miLocus	4	False	NA
Scer	locus:NC_001144.5_667737-669391.	NC_001144.5	locus:NC_001144.5_667737-669391.	1655	1107	0.348	-0.153	0.000	ciLocus	2	False	NA
Scer	locus:NC_001144.5_668968-732690.	NC_001144.5	locus:NC_001144.5_668968-732690.	63723	63011	0.368	0.006	0.000	miLocus	40	False	NA
Scer	locus:NC_001144.5_731691-734376.	NC_001144.5	locus:NC_001144.5_731691-734376.	2686	2149	0.372	-0.014	0.000	ciLocus	2	False	NA
Scer	locus:NC_001144.5_734302-764637.	NC_001144.5	locus:NC_001144.5_734302-764637.	30336	30133	0.371	-0.019	0.000	miLocus	13	False	NA
Scer	locus:NC_001144.5_764308-766858.	NC_001144.5	locus:NC_001144.5_764308-766858.	2551	1978	0.403	-0.105	0.000	ciLocus	2	False	NA
Scer	locus:NC_001144.5_766042-790179.	NC_001144.5	locus:NC_001144.5_766042-790179.	24138	23724	0.379	0.010	0.000	miLocus	13	False	NA
Scer	locus:NC_001144.5_790169-792306.	NC_001144.5	locus:NC_001144.5_790169-792306.	2138	2132	0.372	-0.148	0.000	ciLocus	2	False	NA
Scer	locus:NC_001144.5_792307-793417.	NC_001144.5	locus:NC_001144.5_792307-793417.	1111	1111	0.335	0.151	0.000	iiLocus	0	False	RF
Scer	locus:NC_001144.5_793418-841414.	NC_001144.5	locus:NC_001144.5_793418-841414.	47997	47705	0.389	0.007	0.000	miLocus	27	False	NA
Scer	locus:NC_001144.5_840831-844550.	NC_001144.5	locus:NC_001144.5_840831-844550.	3720	3044	0.393	-0.020	0.000	ciLocus	2	False	NA
Scer	locus:NC_001144.5_843782-846230.	NC_001144.5	locus:NC_001144.5_843782-846230.	2449	1750	0.372	0.043	0.000	siLocus	1	False	NA
Scer	locus:NC_001144.5_845603-849624.	NC_001144.5	locus:NC_001144.5_845603-849624.	4022	3337	0.365	-0.057	0.000	ciLocus	2	False	NA
Scer	locus:NC_001144.5_848883-941481.	NC_001144.5	locus:NC_001144.5_848883-941481.	92599	91979	0.385	-0.018	0.000	miLocus	50	False	NA
Scer	locus:NC_001144.5_940983-947296.	NC_001144.5	locus:NC_001144.5_940983-947296.	6314	5792	0.360	-0.133	0.000	ciLocus	2	False	NA
Scer	locus:NC_001144.5_946753-976556.	NC_001144.5	locus:NC_001144.5_946753-976556.	29804	29532	0.372	0.005	0.000	miLocus	16	False	NA
Scer	locus:NC_001144.5_976557-982393.	NC_001144.5	locus:NC_001144.5_976557-982393.	5837	5837	0.364	0.120	0.000	iiLocus	0	False	RF
Scer	locus:NC_001144.5_982394-1061387.	NC_001144.5	locus:NC_001144.5_982394-1061387.	78994	78994	0.376	0.004	0.000	miLocus	34	False	NA
Scer	locus:NC_001144.5_1061388-1062418.	NC_001144.5	locus:NC_001144.5_1061388-1062418.	1031	1031	0.359	-0.141	0.000	iiLocus	0	False	RF
Scer	locus:NC_001144.5_1062419-1063781.	NC_001144.5	locus:NC_001144.5_1062419-1063781.	1363	1363	0.393	-0.017	0.000	siLocus	1	False	NA
Scer	locus:NC_001144.5_1063782-1065455.	NC_001144.5	locus:NC_001144.5_1063782-1065455.	1674	1674	0.410	0.482	0.000	iiLocus	0	False	FF
Scer	locus:NC_001144.5_1065456-1067064.	NC_001144.5	locus:NC_001144.5_1065456-1067064.	1609	1113	0.410	0.077	0.000	siLocus	1	False	NA
Scer	locus:NC_001144.5_1066072-1071871.	NC_001144.5	locus:NC_001144.5_1066072-1071871.	5800	5303	0.449	0.133	0.000	ciLocus	2	False	NA
Scer	locus:NC_001144.5_1071872-1078177.	NC_001144.5	locus:NC_001144.5_1071872-1078177.	6306	6306	0.441	0.111	0.000	siLocus	1	False	NA
Scer	locus:NC_001145.3_1-5184.	NC_001145.3	locus:NC_001145.3_1-5184.	5184	5184	0.442	-0.129	0.000	siLocus	1	False	NA
Scer	locus:NC_001145.3_5185-6743.	NC_001145.3	locus:NC_001145.3_5185-6743.	1559	1559	0.412	-0.462	0.000	iiLocus	0	False	RF
Scer	locus:NC_001145.3_6744-8883.	NC_001145.3	locus:NC_001145.3_6744-8883.	2140	2140	0.372	0.013	0.000	siLocus	1	False	NA
Scer	locus:NC_001145.3_8884-9697.	NC_001145.3	locus:NC_001145.3_8884-9697.	814	814	0.323	-0.232	0.000	iiLocus	0	False	FF
Scer	locus:NC_001145.3_9698-80190.	NC_001145.3	locus:NC_001145.3_9698-80190.	70493	70102	0.389	0.002	0.000	miLocus	37	False	NA
Scer	locus:NC_001145.3_79409-82613.	NC_001145.3	locus:NC_001145.3_79409-82613.	3205	2395	0.374	0.043	0.000	ciLocus	2	False	NA
Scer	locus:NC_001145.3_81775-121824.	NC_001145.3	locus:NC_001145.3_81775-121824.	40050	39630	0.384	0.032	0.000	miLocus	20	False	NA
Scer	locus:NC_001145.3_121825-122726.	NC_001145.3	locus:NC_001145.3_121825-122726.	902	902	0.373	0.006	0.000	iiLocus	0	False	RR
Scer	locus:NC_001145.3_122727-132396.	NC_001145.3	locus:NC_001145.3_122727-132396.	9670	9670	0.375	-0.047	0.000	miLocus	4	False	NA
Scer	locus:NC_001145.3_132397-132974.	NC_001145.3	locus:NC_001145.3_132397-132974.	578	578	0.386	0.022	0.000	iiLocus	0	False	RF
Scer	locus:NC_001145.3_132975-184468.	NC_001145.3	locus:NC_001145.3_132975-184468.	51494	51240	0.381	0.011	0.000	miLocus	30	False	NA
Scer	locus:NC_001145.3_183961-190229.	NC_001145.3	locus:NC_001145.3_183961-190229.	6269	5772	0.371	-0.144	0.000	ciLocus	2	False	NA
Scer	locus:NC_001145.3_189744-196670.	NC_001145.3	locus:NC_001145.3_189744-196670.	6927	6413	0.362	-0.063	0.000	miLocus	4	False	NA
Scer	locus:NC_001145.3_196128-202396.	NC_001145.3	locus:NC_001145.3_196128-202396.	6269	5936	0.373	-0.140	0.000	ciLocus	2	False	NA
Scer	locus:NC_001145.3_202275-283084.	NC_001145.3	locus:NC_001145.3_202275-283084.	80810	80749	0.386	0.013	0.000	miLocus	48	False	NA
Scer	locus:NC_001145.3_283085-283601.	NC_001145.3	locus:NC_001145.3_283085-283601.	517	517	0.455	0.072	0.000	iiLocus	0	False	RF
Scer	locus:NC_001145.3_283602-286817.	NC_001145.3	locus:NC_001145.3_283602-286817.	3216	3216	0.355	0.006	0.000	miLocus	2	False	NA
Scer	locus:NC_001145.3_286818-287578.	NC_001145.3	locus:NC_001145.3_286818-287578.	761	761	0.355	-0.059	0.000	iiLocus	0	False	FF
Scer	locus:NC_001145.3_287579-306093.	NC_001145.3	locus:NC_001145.3_287579-306093.	18515	18515	0.369	0.042	0.000	miLocus	14	False	NA
Scer	locus:NC_001145.3_306094-306988.	NC_001145.3	locus:NC_001145.3_306094-306988.	895	895	0.466	0.079	0.000	iiLocus	0	False	RF
Scer	locus:NC_001145.3_306989-309182.	NC_001145.3	locus:NC_001145.3_306989-309182.	2194	2194	0.381	0.080	0.000	siLocus	1	False	NA
Scer	locus:NC_001145.3_309183-309707.	NC_001145.3	locus:NC_001145.3_309183-309707.	525	525	0.381	-0.130	0.000	iiLocus	0	False	FF
Scer	locus:NC_001145.3_309708-357311.	NC_001145.3	locus:NC_001145.3_309708-357311.	47604	47378	0.381	0.012	0.000	miLocus	30	False	NA
Scer	locus:NC_001145.3_356859-363127.	NC_001145.3	locus:NC_001145.3_356859-363127.	6269	5760	0.376	0.140	0.000	ciLocus	2	False	NA
Scer	locus:NC_001145.3_362564-371017.	NC_001145.3	locus:NC_001145.3_362564-371017.	8454	8172	0.392	0.011	0.000	miLocus	4	False	NA
Scer	locus:NC_001145.3_371018-371944.	NC_001145.3	locus:NC_001145.3_371018-371944.	927	927	0.345	0.013	0.000	iiLocus	0	False	RR
Scer	locus:NC_001145.3_371945-373018.	NC_001145.3	locus:NC_001145.3_371945-373018.	1074	843	0.320	-0.006	0.000	niLocus	1	False	NA
Scer	locus:NC_001145.3_372557-378825.	NC_001145.3	locus:NC_001145.3_372557-378825.	6269	6027	0.370	0.162	0.000	ciLocus	2	False	NA
Scer	locus:NC_001145.3_378803-432625.	NC_001145.3	locus:NC_001145.3_378803-432625.	53823	53811	0.378	-0.015	0.000	miLocus	32	False	NA
Scer	locus:NC_001145.3_432626-434287.	NC_001145.3	locus:NC_001145.3_432626-434287.	1662	1662	0.369	0.008	0.000	iiLocus	0	False	RF
Scer	locus:NC_001145.3_434288-481193.	NC_001145.3	locus:NC_001145.3_434288-481193.	46906	46906	0.384	-0.015	0.000	miLocus	27	False	NA
Scer	locus:NC_001145.3_481194-482513.	NC_001145.3	locus:NC_001145.3_481194-482513.	1320	1320	0.325	0.044	0.000	iiLocus	0	False	RF
Scer	locus:NC_001145.3_482514-503234.	NC_001145.3	locus:NC_001145.3_482514-503234.	20721	20721	0.387	0.007	0.000	miLocus	13	False	NA
Scer	locus:NC_001145.3_503235-504394.	NC_001145.3	locus:NC_001145.3_503235-504394.	1160	1160	0.308	0.070	0.000	iiLocus	0	False	RF
Scer	locus:NC_001145.3_504395-512069.	NC_001145.3	locus:NC_001145.3_504395-512069.	7675	7675	0.383	0.014	0.000	miLocus	6	False	NA
Scer	locus:NC_001145.3_512070-513092.	NC_001145.3	locus:NC_001145.3_512070-513092.	1023	1023	0.403	-0.005	0.000	iiLocus	0	False	FF
Scer	locus:NC_001145.3_513093-904893.	NC_001145.3	locus:NC_001145.3_513093-904893.	391801	391517	0.380	-0.004	0.000	miLocus	210	False	NA
Scer	locus:NC_001145.3_904325-906668.	NC_001145.3	locus:NC_001145.3_904325-906668.	2344	2059	0.395	0.003	0.000	ciLocus	2	False	NA
Scer	locus:NC_001145.3_906669-915038.	NC_001145.3	locus:NC_001145.3_906669-915038.	8370	8370	0.407	-0.151	0.000	miLocus	3	False	NA
Scer	locus:NC_001145.3_915039-916245.	NC_001145.3	locus:NC_001145.3_915039-916245.	1207	1207	0.387	0.054	0.000	iiLocus	0	False	RF
Scer	locus:NC_001145.3_916246-923515.	NC_001145.3	locus:NC_001145.3_916246-923515.	7270	7270	0.388	0.011	0.000	miLocus	5	False	NA
Scer	locus:NC_001145.3_923516-924431.	NC_001145.3	locus:NC_001145.3_923516-924431.	916	916	0.441	0.713	0.000	fiLocus	0	False	NA
Scer	locus:NC_001146.8_1-6598.	NC_001146.8	locus:NC_001146.8_1-6598.	6598	6598	0.442	-0.119	0.000	siLocus	1	False	NA
Scer	locus:NC_001146.8_6599-7829.	NC_001146.8	locus:NC_001146.8_6599-7829.	1231	1231	0.417	-0.548	0.000	iiLocus	0	False	RF
Scer	locus:NC_001146.8_7830-9975.	NC_001146.8	locus:NC_001146.8_7830-9975.	2146	2146	0.384	-0.001	0.000	siLocus	1	False	NA
Scer	locus:NC_001146.8_9976-10951.	NC_001146.8	locus:NC_001146.8_9976-10951.	976	976	0.345	-0.092	0.000	iiLocus	0	False	FF
Scer	locus:NC_001146.8_10952-96812.	NC_001146.8	locus:NC_001146.8_10952-96812.	85861	85687	0.390	-0.011	0.000	miLocus	48	False	NA
Scer	locus:NC_001146.8_96464-102732.	NC_001146.8	locus:NC_001146.8_96464-102732.	6269	5836	0.374	0.135	0.000	ciLocus	2	False	NA
Scer	locus:NC_001146.8_102216-185678.	NC_001146.8	locus:NC_001146.8_102216-185678.	83463	82845	0.382	0.002	0.000	miLocus	39	False	NA
Scer	locus:NC_001146.8_184960-187385.	NC_001146.8	locus:NC_001146.8_184960-187385.	2426	1708	0.405	0.078	0.000	ciLocus	2	False	NA
Scer	locus:NC_001146.8_186670-292376.	NC_001146.8	locus:NC_001146.8_186670-292376.	105707	105007	0.387	0.013	0.000	miLocus	54	False	NA
Scer	locus:NC_001146.8_291693-293383.	NC_001146.8	locus:NC_001146.8_291693-293383.	1691	976	0.361	-0.057	0.000	ciLocus	2	False	NA
Scer	locus:NC_001146.8_292637-301149.	NC_001146.8	locus:NC_001146.8_292637-301149.	8513	8139	0.376	0.072	0.000	miLocus	4	False	NA
Scer	locus:NC_001146.8_301150-302179.	NC_001146.8	locus:NC_001146.8_301150-302179.	1030	1030	0.411	0.040	0.000	iiLocus	0	False	RF
Scer	locus:NC_001146.8_302180-335367.	NC_001146.8	locus:NC_001146.8_302180-335367.	33188	33188	0.388	-0.004	0.000	miLocus	16	False	NA
Scer	locus:NC_001146.8_335368-336044.	NC_001146.8	locus:NC_001146.8_335368-336044.	677	677	0.417	0.035	0.000	iiLocus	0	False	FF
Scer	locus:NC_001146.8_336045-355542.	NC_001146.8	locus:NC_001146.8_336045-355542.	19498	19498	0.386	-0.074	0.000	miLocus	17	False	NA
Scer	locus:NC_001146.8_355543-356293.	NC_001146.8	locus:NC_001146.8_355543-356293.	751	751	0.417	0.131	0.000	iiLocus	0	False	RR
Scer	locus:NC_001146.8_356294-361139.	NC_001146.8	locus:NC_001146.8_356294-361139.	4846	4485	0.385	0.033	0.000	miLocus	3	False	NA
Scer	locus:NC_001146.8_360417-366217.	NC_001146.8	locus:NC_001146.8_360417-366217.	5801	5097	0.363	-0.019	0.000	ciLocus	2	False	NA
Scer	locus:NC_001146.8_365533-519669.	NC_001146.8	locus:NC_001146.8_365533-519669.	154137	153437	0.384	0.022	0.000	miLocus	84	False	NA
Scer	locus:NC_001146.8_518956-525396.	NC_001146.8	locus:NC_001146.8_518956-525396.	6441	6084	0.379	-0.130	0.000	ciLocus	2	False	NA
Scer	locus:NC_001146.8_525397-561265.	NC_001146.8	locus:NC_001146.8_525397-561265.	35869	35869	0.379	-0.003	0.000	miLocus	21	False	NA
Scer	locus:NC_001146.8_561266-567614.	NC_001146.8	locus:NC_001146.8_561266-567614.	6349	6349	0.355	0.129	0.000	iiLocus	0	False	RF
Scer	locus:NC_001146.8_567615-661874.	NC_001146.8	locus:NC_001146.8_567615-661874.	94260	94260	0.389	-0.012	0.000	miLocus	55	False	NA
Scer	locus:NC_001146.8_661875-662412.	NC_001146.8	locus:NC_001146.8_661875-662412.	538	538	0.519	0.168	0.000	iiLocus	0	False	RF
Scer	locus:NC_001146.8_662413-724806.	NC_001146.8	locus:NC_001146.8_662413-724806.	62394	62394	0.394	-0.045	0.000	miLocus	40	False	NA
Scer	locus:NC_001146.8_724807-725633.	NC_001146.8	locus:NC_001146.8_724807-725633.	827	827	0.345	0.032	0.000	iiLocus	0	False	RR
Scer	locus:NC_001146.8_725634-726717.	NC_001146.8	locus:NC_001146.8_725634-726717.	1084	1084	0.352	-0.063	0.000	niLocus	1	False	NA
Scer	locus:NC_001146.8_726718-727925.	NC_001146.8	locus:NC_001146.8_726718-727925.	1208	1208	0.325	-0.104	0.000	iiLocus	0	False	RR
Scer	locus:NC_001146.8_727926-745843.	NC_001146.8	locus:NC_001146.8_727926-745843.	17918	17918	0.386	-0.019	0.000	miLocus	8	False	NA
Scer	locus:NC_001146.8_745844-746442.	NC_001146.8	locus:NC_001146.8_745844-746442.	599	599	0.349	0.110	0.000	iiLocus	0	False	RF
Scer	locus:NC_001146.8_746443-763092.	NC_001146.8	locus:NC_001146.8_746443-763092.	16650	16650	0.376	-0.007	0.000	miLocus	7	False	NA
Scer	locus:NC_001146.8_763093-764874.	NC_001146.8	locus:NC_001146.8_763093-764874.	1782	1782	0.364	0.057	0.000	iiLocus	0	False	RF
Scer	locus:NC_001146.8_764875-784333.	NC_001146.8	locus:NC_001146.8_764875-784333.	19459	19459	0.393	0.067	0.000	miLocus	9	False	NA
Scer	locus:NC_001147.6_1-2578.	NC_001147.6	locus:NC_001147.6_1-2578.	2578	2578	0.399	-0.312	0.000	miLocus	2	False	NA
Scer	locus:NC_001147.6_2579-3629.	NC_001147.6	locus:NC_001147.6_2579-3629.	1051	1051	0.352	-0.065	0.000	iiLocus	0	False	RF
Scer	locus:NC_001147.6_3630-4812.	NC_001147.6	locus:NC_001147.6_3630-4812.	1183	1183	0.354	-0.031	0.000	siLocus	1	False	NA
Scer	locus:NC_001147.6_4813-5674.	NC_001147.6	locus:NC_001147.6_4813-5674.	862	862	0.404	-0.063	0.000	iiLocus	0	False	FF
Scer	locus:NC_001147.6_5675-12411.	NC_001147.6	locus:NC_001147.6_5675-12411.	6737	6737	0.395	0.046	0.000	miLocus	4	False	NA
Scer	locus:NC_001147.6_12412-13812.	NC_001147.6	locus:NC_001147.6_12412-13812.	1401	1401	0.351	0.033	0.000	iiLocus	0	False	RF
Scer	locus:NC_001147.6_13813-16005.	NC_001147.6	locus:NC_001147.6_13813-16005.	2193	2193	0.356	-0.003	0.000	miLocus	2	False	NA
Scer	locus:NC_001147.6_16006-16780.	NC_001147.6	locus:NC_001147.6_16006-16780.	775	775	0.342	0.057	0.000	iiLocus	0	False	RR
Scer	locus:NC_001147.6_16781-18296.	NC_001147.6	locus:NC_001147.6_16781-18296.	1516	1516	0.338	-0.021	0.000	siLocus	1	False	NA
Scer	locus:NC_001147.6_18297-18990.	NC_001147.6	locus:NC_001147.6_18297-18990.	694	694	0.316	0.032	0.000	iiLocus	0	False	RR
Scer	locus:NC_001147.6_18991-32106.	NC_001147.6	locus:NC_001147.6_18991-32106.	13116	13116	0.411	0.037	0.000	miLocus	5	False	NA
Scer	locus:NC_001147.6_32107-34157.	NC_001147.6	locus:NC_001147.6_32107-34157.	2051	2051	0.372	0.051	0.000	iiLocus	0	False	RF
Scer	locus:NC_001147.6_34158-35907.	NC_001147.6	locus:NC_001147.6_34158-35907.	1750	1750	0.369	-0.026	0.000	siLocus	1	False	NA
Scer	locus:NC_001147.6_35908-40247.	NC_001147.6	locus:NC_001147.6_35908-40247.	4340	4340	0.373	-0.054	0.000	iiLocus	0	False	FF
Scer	locus:NC_001147.6_40248-117954.	NC_001147.6	locus:NC_001147.6_40248-117954.	77707	77480	0.381	0.027	0.000	miLocus	48	False	NA
Scer	locus:NC_001147.6_117500-123768.	NC_001147.6	locus:NC_001147.6_117500-123768.	6269	5907	0.375	-0.163	0.000	ciLocus	2	False	NA
Scer	locus:NC_001147.6_123501-167452.	NC_001147.6	locus:NC_001147.6_123501-167452.	43952	43818	0.377	-0.006	0.000	miLocus	23	False	NA
Scer	locus:NC_001147.6_167453-168226.	NC_001147.6	locus:NC_001147.6_167453-168226.	774	774	0.328	-0.150	0.000	iiLocus	0	False	FF
Scer	locus:NC_001147.6_168227-227181.	NC_001147.6	locus:NC_001147.6_168227-227181.	58955	58955	0.388	-0.029	0.000	miLocus	28	False	NA
Scer	locus:NC_001147.6_227182-227830.	NC_001147.6	locus:NC_001147.6_227182-227830.	649	649	0.277	0.178	0.000	iiLocus	0	False	RF
Scer	locus:NC_001147.6_227831-347450.	NC_001147.6	locus:NC_001147.6_227831-347450.	119620	119620	0.384	-0.010	0.000	miLocus	73	False	NA
Scer	locus:NC_001147.6_347451-349178.	NC_001147.6	locus:NC_001147.6_347451-349178.	1728	1728	0.372	0.009	0.000	iiLocus	0	False	RF
Scer	locus:NC_001147.6_349179-354613.	NC_001147.6	locus:NC_001147.6_349179-354613.	5435	5435	0.380	-0.022	0.000	miLocus	2	False	NA
Scer	locus:NC_001147.6_354614-355151.	NC_001147.6	locus:NC_001147.6_354614-355151.	538	538	0.271	0.274	0.000	iiLocus	0	False	RF
Scer	locus:NC_001147.6_355152-385435.	NC_001147.6	locus:NC_001147.6_355152-385435.	30284	30284	0.376	-0.000	0.000	miLocus	18	False	NA
Scer	locus:NC_001147.6_385436-386324.	NC_001147.6	locus:NC_001147.6_385436-386324.	889	889	0.331	0.054	0.000	iiLocus	0	False	FF
Scer	locus:NC_001147.6_386325-436845.	NC_001147.6	locus:NC_001147.6_386325-436845.	50521	50521	0.378	0.001	0.000	miLocus	28	False	NA
Scer	locus:NC_001147.6_436846-438142.	NC_001147.6	locus:NC_001147.6_436846-438142.	1297	1297	0.340	0.120	0.000	iiLocus	0	False	RF
Scer	locus:NC_001147.6_438143-453962.	NC_001147.6	locus:NC_001147.6_438143-453962.	15820	15473	0.383	-0.064	0.000	miLocus	10	False	NA
Scer	locus:NC_001147.6_453268-456295.	NC_001147.6	locus:NC_001147.6_453268-456295.	3028	2236	0.386	0.062	0.000	ciLocus	2	False	NA
Scer	locus:NC_001147.6_455407-458320.	NC_001147.6	locus:NC_001147.6_455407-458320.	2914	2469	0.391	0.077	0.000	siLocus	1	False	NA
Scer	locus:NC_001147.6_458321-458979.	NC_001147.6	locus:NC_001147.6_458321-458979.	659	659	0.388	-0.117	0.000	iiLocus	0	False	RR
Scer	locus:NC_001147.6_458980-462316.	NC_001147.6	locus:NC_001147.6_458980-462316.	3337	3337	0.416	0.017	0.000	miLocus	2	False	NA
Scer	locus:NC_001147.6_462317-463949.	NC_001147.6	locus:NC_001147.6_462317-463949.	1633	1633	0.396	0.056	0.000	iiLocus	0	False	FF
Scer	locus:NC_001147.6_463950-517341.	NC_001147.6	locus:NC_001147.6_463950-517341.	53392	53292	0.385	-0.014	0.000	miLocus	31	False	NA
Scer	locus:NC_001147.6_517142-519021.	NC_001147.6	locus:NC_001147.6_517142-519021.	1880	1580	0.360	0.043	0.000	ciLocus	2	False	NA
Scer	locus:NC_001147.6_518621-594925.	NC_001147.6	locus:NC_001147.6_518621-594925.	76305	75947	0.385	-0.027	0.000	miLocus	36	False	NA
Scer	locus:NC_001147.6_594612-600881.	NC_001147.6	locus:NC_001147.6_594612-600881.	6270	6113	0.369	-0.148	0.000	ciLocus	2	False	NA
Scer	locus:NC_001147.6_600882-618788.	NC_001147.6	locus:NC_001147.6_600882-618788.	17907	17907	0.361	-0.029	0.000	miLocus	9	False	NA
Scer	locus:NC_001147.6_618789-619339.	NC_001147.6	locus:NC_001147.6_618789-619339.	551	551	0.405	-0.130	0.000	iiLocus	0	False	RF
Scer	locus:NC_001147.6_619340-664385.	NC_001147.6	locus:NC_001147.6_619340-664385.	45046	45046	0.380	0.021	0.000	miLocus	24	False	NA
Scer	locus:NC_001147.6_664386-665284.	NC_001147.6	locus:NC_001147.6_664386-665284.	899	899	0.320	-0.090	0.000	iiLocus	0	False	RR
Scer	locus:NC_001147.6_665285-670741.	NC_001147.6	locus:NC_001147.6_665285-670741.	5457	5457	0.351	0.095	0.000	miLocus	2	False	NA
Scer	locus:NC_001147.6_670742-671344.	NC_001147.6	locus:NC_001147.6_670742-671344.	603	603	0.458	0.007	0.000	iiLocus	0	False	RR
Scer	locus:NC_001147.6_671345-672911.	NC_001147.6	locus:NC_001147.6_671345-672911.	1567	1567	0.375	-0.104	0.000	siLocus	1	False	NA
Scer	locus:NC_001147.6_672912-673851.	NC_001147.6	locus:NC_001147.6_672912-673851.	940	940	0.350	-0.070	0.000	iiLocus	0	False	RR
Scer	locus:NC_001147.6_673852-701067.	NC_001147.6	locus:NC_001147.6_673852-701067.	27216	27216	0.385	-0.005	0.000	miLocus	14	False	NA
Scer	locus:NC_001147.6_701068-703487.	NC_001147.6	locus:NC_001147.6_701068-703487.	2420	2420	0.395	0.013	0.000	iiLocus	0	False	RR
Scer	locus:NC_001147.6_703488-704724.	NC_001147.6	locus:NC_001147.6_703488-704724.	1237	834	0.317	0.010	0.000	siLocus	1	False	NA
Scer	locus:NC_001147.6_703919-710232.	NC_001147.6	locus:NC_001147.6_703919-710232.	6314	5645	0.362	0.130	0.000	ciLocus	2	False	NA
Scer	locus:NC_001147.6_709701-968974.	NC_001147.6	locus:NC_001147.6_709701-968974.	259274	259008	0.380	-0.001	0.000	miLocus	146	False	NA
Scer	locus:NC_001147.6_968975-970077.	NC_001147.6	locus:NC_001147.6_968975-970077.	1103	1103	0.358	-0.119	0.000	iiLocus	0	False	RF
Scer	locus:NC_001147.6_970078-976391.	NC_001147.6	locus:NC_001147.6_970078-976391.	6314	6079	0.362	-0.125	0.000	ciLocus	2	False	NA
Scer	locus:NC_001147.6_975921-978569.	NC_001147.6	locus:NC_001147.6_975921-978569.	2649	2413	0.339	0.175	0.000	miLocus	2	False	NA
Scer	locus:NC_001147.6_978570-980182.	NC_001147.6	locus:NC_001147.6_978570-980182.	1613	1613	0.400	0.023	0.000	iiLocus	0	False	RF
Scer	locus:NC_001147.6_980183-1003725.	NC_001147.6	locus:NC_001147.6_980183-1003725.	23543	23543	0.385	-0.032	0.000	miLocus	10	False	NA
Scer	locus:NC_001147.6_1003726-1004636.	NC_001147.6	locus:NC_001147.6_1003726-1004636.	911	911	0.327	-0.027	0.000	iiLocus	0	False	RF
Scer	locus:NC_001147.6_1004637-1044059.	NC_001147.6	locus:NC_001147.6_1004637-1044059.	39423	39423	0.384	-0.004	0.000	miLocus	20	False	NA
Scer	locus:NC_001147.6_1044060-1044695.	NC_001147.6	locus:NC_001147.6_1044060-1044695.	636	636	0.428	-0.022	0.000	iiLocus	0	False	FF
Scer	locus:NC_001147.6_1044696-1048303.	NC_001147.6	locus:NC_001147.6_1044696-1048303.	3608	3608	0.375	0.062	0.000	miLocus	2	False	NA
Scer	locus:NC_001147.6_1048304-1049010.	NC_001147.6	locus:NC_001147.6_1048304-1049010.	707	707	0.378	-0.056	0.000	iiLocus	0	False	FF
Scer	locus:NC_001147.6_1049011-1053430.	NC_001147.6	locus:NC_001147.6_1049011-1053430.	4420	4420	0.426	0.031	0.000	miLocus	2	False	NA
Scer	locus:NC_001147.6_1053431-1055044.	NC_001147.6	locus:NC_001147.6_1053431-1055044.	1614	1614	0.342	-0.007	0.000	iiLocus	0	False	FF
Scer	locus:NC_001147.6_1055045-1070741.	NC_001147.6	locus:NC_001147.6_1055045-1070741.	15697	15697	0.380	0.036	0.000	miLocus	8	False	NA
Scer	locus:NC_001147.6_1070742-1071292.	NC_001147.6	locus:NC_001147.6_1070742-1071292.	551	551	0.381	0.124	0.000	iiLocus	0	False	RR
Scer	locus:NC_001147.6_1071293-1091291.	NC_001147.6	locus:NC_001147.6_1071293-1091291.	19999	19999	0.408	0.073	0.000	miLocus	8	False	NA
Scer	locus:NC_001148.4_1-6507.	NC_001148.4	locus:NC_001148.4_1-6507.	6507	6507	0.442	-0.116	0.000	siLocus	1	False	NA
Scer	locus:NC_001148.4_6508-7432.	NC_001148.4	locus:NC_001148.4_6508-7432.	925	925	0.402	-0.538	0.000	iiLocus	0	False	RR
Scer	locus:NC_001148.4_7433-17368.	NC_001148.4	locus:NC_001148.4_7433-17368.	9936	9936	0.392	-0.027	0.000	miLocus	6	False	NA
Scer	locus:NC_001148.4_17369-22437.	NC_001148.4	locus:NC_001148.4_17369-22437.	5069	5069	0.377	0.060	0.000	iiLocus	0	False	RF
Scer	locus:NC_001148.4_22438-28664.	NC_001148.4	locus:NC_001148.4_22438-28664.	6227	6227	0.389	0.034	0.000	miLocus	3	False	NA
Scer	locus:NC_001148.4_28665-29578.	NC_001148.4	locus:NC_001148.4_28665-29578.	914	914	0.391	0.025	0.000	iiLocus	0	False	RF
Scer	locus:NC_001148.4_29579-49302.	NC_001148.4	locus:NC_001148.4_29579-49302.	19724	19321	0.383	0.006	0.000	miLocus	10	False	NA
Scer	locus:NC_001148.4_48496-51458.	NC_001148.4	locus:NC_001148.4_48496-51458.	2963	2202	0.365	0.078	0.000	ciLocus	2	False	NA
Scer	locus:NC_001148.4_50744-56774.	NC_001148.4	locus:NC_001148.4_50744-56774.	6031	5410	0.368	0.016	0.000	miLocus	3	False	NA
Scer	locus:NC_001148.4_56248-62647.	NC_001148.4	locus:NC_001148.4_56248-62647.	6400	6136	0.370	-0.138	0.000	ciLocus	2	False	NA
Scer	locus:NC_001148.4_62648-210763.	NC_001148.4	locus:NC_001148.4_62648-210763.	148116	148116	0.383	0.015	0.000	miLocus	78	False	NA
Scer	locus:NC_001148.4_210764-211657.	NC_001148.4	locus:NC_001148.4_210764-211657.	894	894	0.321	-0.115	0.000	iiLocus	0	False	RF
Scer	locus:NC_001148.4_211658-214462.	NC_001148.4	locus:NC_001148.4_211658-214462.	2805	2805	0.362	0.096	0.000	miLocus	2	False	NA
Scer	locus:NC_001148.4_214463-215511.	NC_001148.4	locus:NC_001148.4_214463-215511.	1049	1049	0.428	-0.011	0.000	iiLocus	0	False	RR
Scer	locus:NC_001148.4_215512-237607.	NC_001148.4	locus:NC_001148.4_215512-237607.	22096	21711	0.378	-0.023	0.000	miLocus	10	False	NA
Scer	locus:NC_001148.4_236838-239577.	NC_001148.4	locus:NC_001148.4_236838-239577.	2740	1991	0.363	0.042	0.000	ciLocus	2	False	NA
Scer	locus:NC_001148.4_238850-443242.	NC_001148.4	locus:NC_001148.4_238850-443242.	204393	204029	0.378	0.001	0.000	miLocus	107	False	NA
Scer	locus:NC_001148.4_443243-444078.	NC_001148.4	locus:NC_001148.4_443243-444078.	836	836	0.327	0.070	0.000	iiLocus	0	False	RF
Scer	locus:NC_001148.4_444079-450877.	NC_001148.4	locus:NC_001148.4_444079-450877.	6799	6799	0.373	-0.056	0.000	miLocus	2	False	NA
Scer	locus:NC_001148.4_450878-451408.	NC_001148.4	locus:NC_001148.4_450878-451408.	531	531	0.454	0.120	0.000	iiLocus	0	False	RR
Scer	locus:NC_001148.4_451409-517518.	NC_001148.4	locus:NC_001148.4_451409-517518.	66110	65926	0.385	0.031	0.000	miLocus	37	False	NA
Scer	locus:NC_001148.4_517151-520733.	NC_001148.4	locus:NC_001148.4_517151-520733.	3583	3289	0.433	-0.019	0.000	ciLocus	2	False	NA
Scer	locus:NC_001148.4_520514-586085.	NC_001148.4	locus:NC_001148.4_520514-586085.	65572	65462	0.375	-0.022	0.000	miLocus	32	False	NA
Scer	locus:NC_001148.4_586086-586688.	NC_001148.4	locus:NC_001148.4_586086-586688.	603	603	0.413	-0.028	0.000	iiLocus	0	False	RR
Scer	locus:NC_001148.4_586689-588018.	NC_001148.4	locus:NC_001148.4_586689-588018.	1330	1330	0.377	0.010	0.000	siLocus	1	False	NA
Scer	locus:NC_001148.4_588019-589782.	NC_001148.4	locus:NC_001148.4_588019-589782.	1764	1764	0.372	0.002	0.000	iiLocus	0	False	RR
Scer	locus:NC_001148.4_589783-607812.	NC_001148.4	locus:NC_001148.4_589783-607812.	18030	18030	0.373	0.020	0.000	miLocus	8	False	NA
Scer	locus:NC_001148.4_607813-608325.	NC_001148.4	locus:NC_001148.4_607813-608325.	513	513	0.343	-0.034	0.000	iiLocus	0	False	RR
Scer	locus:NC_001148.4_608326-665990.	NC_001148.4	locus:NC_001148.4_608326-665990.	57665	57266	0.385	-0.005	0.000	miLocus	27	False	NA
Scer	locus:NC_001148.4_665193-666743.	NC_001148.4	locus:NC_001148.4_665193-666743.	1551	670	0.422	0.073	0.000	ciLocus	2	False	NA
Scer	locus:NC_001148.4_665780-769802.	NC_001148.4	locus:NC_001148.4_665780-769802.	104023	103541	0.379	-0.007	0.000	miLocus	65	False	NA
Scer	locus:NC_001148.4_769803-771152.	NC_001148.4	locus:NC_001148.4_769803-771152.	1350	1350	0.353	-0.015	0.000	iiLocus	0	False	RF
Scer	locus:NC_001148.4_771153-776336.	NC_001148.4	locus:NC_001148.4_771153-776336.	5184	5184	0.347	0.007	0.000	miLocus	3	False	NA
Scer	locus:NC_001148.4_776337-778082.	NC_001148.4	locus:NC_001148.4_776337-778082.	1746	1746	0.326	0.011	0.000	iiLocus	0	False	RF
Scer	locus:NC_001148.4_778083-780801.	NC_001148.4	locus:NC_001148.4_778083-780801.	2719	2719	0.374	-0.008	0.000	siLocus	1	False	NA
Scer	locus:NC_001148.4_780802-781544.	NC_001148.4	locus:NC_001148.4_780802-781544.	743	743	0.319	0.021	0.000	iiLocus	0	False	FF
Scer	locus:NC_001148.4_781545-804580.	NC_001148.4	locus:NC_001148.4_781545-804580.	23036	22996	0.380	0.013	0.000	miLocus	13	False	NA
Scer	locus:NC_001148.4_804501-810769.	NC_001148.4	locus:NC_001148.4_804501-810769.	6269	5932	0.373	0.144	0.000	ciLocus	2	False	NA
Scer	locus:NC_001148.4_810176-828640.	NC_001148.4	locus:NC_001148.4_810176-828640.	18465	18168	0.377	-0.027	0.000	miLocus	13	False	NA
Scer	locus:NC_001148.4_828641-829417.	NC_001148.4	locus:NC_001148.4_828641-829417.	777	777	0.465	-0.075	0.000	iiLocus	0	False	RF
Scer	locus:NC_001148.4_829418-844520.	NC_001148.4	locus:NC_001148.4_829418-844520.	15103	14947	0.386	-0.052	0.000	miLocus	9	False	NA
Scer	locus:NC_001148.4_844209-850484.	NC_001148.4	locus:NC_001148.4_844209-850484.	6276	6120	0.371	-0.152	0.000	ciLocus	2	False	NA
Scer	locus:NC_001148.4_850485-856757.	NC_001148.4	locus:NC_001148.4_850485-856757.	6273	6095	0.374	0.134	0.000	ciLocus	2	False	NA
Scer	locus:NC_001148.4_856402-880869.	NC_001148.4	locus:NC_001148.4_856402-880869.	24468	24290	0.379	0.001	0.000	miLocus	15	False	NA
Scer	locus:NC_001148.4_880870-882738.	NC_001148.4	locus:NC_001148.4_880870-882738.	1869	1869	0.339	-0.095	0.000	iiLocus	0	False	RF
Scer	locus:NC_001148.4_882739-928794.	NC_001148.4	locus:NC_001148.4_882739-928794.	46056	46056	0.391	-0.010	0.000	miLocus	25	False	NA
Scer	locus:NC_001148.4_928795-930875.	NC_001148.4	locus:NC_001148.4_928795-930875.	2081	2081	0.358	-0.016	0.000	iiLocus	0	False	RF
Scer	locus:NC_001148.4_930876-936165.	NC_001148.4	locus:NC_001148.4_930876-936165.	5290	5290	0.354	0.021	0.000	miLocus	2	False	NA
Scer	locus:NC_001148.4_936166-937647.	NC_001148.4	locus:NC_001148.4_936166-937647.	1482	1482	0.335	-0.058	0.000	iiLocus	0	False	FR
Scer	locus:NC_001148.4_937648-941636.	NC_001148.4	locus:NC_001148.4_937648-941636.	3989	3989	0.358	-0.025	0.000	miLocus	3	False	NA
Scer	locus:NC_001148.4_941637-942531.	NC_001148.4	locus:NC_001148.4_941637-942531.	895	895	0.335	0.393	0.000	iiLocus	0	False	FF
Scer	locus:NC_001148.4_942532-944688.	NC_001148.4	locus:NC_001148.4_942532-944688.	2157	1864	0.427	0.102	0.000	ciLocus	2	False	NA
Scer	locus:NC_001148.4_944103-948066.	NC_001148.4	locus:NC_001148.4_944103-948066.	3964	3671	0.453	0.120	0.000	siLocus	1	False	NA
